id;nome;data_inicio;data_fim;id_usuario;;;;
1;Polo UAB de Almeirim - PA;19/12/21;19/01/22;107684;;;;
2;PEM CANTINHO DA ALEGRIA;21/01/22;12/03/22;73314;;;;
3;ANTONIO DE PADUA CARDOSO ETEC;04/04/21;19/03/22;54518;;;44197;44679
4;NTE - GUA�UI;22/06/21;31/10/21;149587;;;;
5;EM DENIZARD ALMEIDA E SILVA;13/02/21;28/07/21;81126;;;;
6;EE PROF JOAQUIM TORRES ENS 1 GRAU;16/03/22;03/04/22;121357;;;;
7;ESC ENS FUND MATILDE BARBOSA GOIS;30/12/21;17/01/22;112307;;;;
8;ESC MUN DORINHA CARVALHO;06/09/21;30/01/22;131456;;;;
9;ESCOLA MUNICIPAL ZULMIRA TORRES;18/09/21;16/10/21;129194;;;;
10;EM DR AUGUSTO MEIRA;13/06/21;11/11/21;57352;;;;
11;EC 01 SHI-SUL;15/04/21;04/06/21;64893;;;;
12;MILTON CERNACH PROF;23/10/21;06/04/22;101241;;;;
13;MARIA FRANCO DE SOUSA PENARIOL PROFA E.M.E.F.;17/03/22;19/03/22;46775;;;;
14;CARLOS JEREISSATI SENADOR EEF;31/03/22;31/03/22;45465;;;;
15;;21/01/21;04/11/21;127493;;;;
16;;06/07/21;27/12/21;131937;;;;
17;;10/06/21;06/12/21;26871;;;;
18;;21/12/21;01/01/22;53497;;;;
19;;28/08/21;25/12/21;2888;;;;
20;;03/06/21;16/03/22;59632;;;;
21;;03/03/22;15/04/22;43600;;;;
22;;12/05/21;07/08/21;149348;;;;
23;;21/04/21;03/08/21;40057;;;;
24;;24/03/21;09/06/21;1994;;;;
25;;05/08/21;05/01/22;71610;;;;
26;;10/02/22;26/02/22;13594;;;;
27;;29/01/22;17/04/22;122973;;;;
28;;15/11/21;04/01/22;61361;;;;
29;;10/05/21;03/09/21;90259;;;;
30;;12/03/21;27/06/21;54881;;;;
31;;22/04/22;28/04/22;27812;;;;
32;CECILIA MEIRELES;01/02/22;21/03/22;63361;;;;
33;ESC MUN ENS FUN DONA LUIZA BECK;01/12/21;07/12/21;56922;;;;
34;BENEDITA PEREIRA ALBUQUERQUE PROFA EMEF;26/04/21;16/02/22;47797;;;;
35;EE - COLEGIO DA POLICIA MILITAR - CPM ANTONIO CARLOS MAGALHAES;22/04/21;03/06/21;24057;;;;
36;E E DE ENS FUND FRANTZ MACHADO CHARAO;30/01/21;20/03/21;95890;;;;
37;ROSALINA DE MORAES E M ED INF E FUND;08/01/21;17/02/21;103938;;;;
38;COLEGIO ESTADUAL PREFEITO EDUARDO MARQUES DE OLIVEIRA;14/07/21;13/01/22;52011;;;;
39;GENEROSO S BARBOSA E M ED INF E FUND;04/02/22;18/03/22;62586;;;;
40;IEC-UNIDADE TIRADENTES;13/09/21;14/01/22;23097;;;;
41;ESCOLA MUNICIPAL DRA GELDA AMORIM;02/06/21;30/08/21;54238;;;;
42;NILZA DIAS MATHIAS EMEB;05/08/21;09/08/21;50941;;;;
43;JUSCELINO K OLIVEIRA C E E FUND MEDIO;01/02/21;21/08/21;46363;;;;
44;ESCOLA DE ENSINO FUNDAMENTAL DOUTOR CARLOS MORITZ;04/01/21;25/06/21;78431;;;;
45;ESCOLA MUL ALFREDO FILGUEIRA SAMPAIO;24/02/21;11/02/22;21651;;;;
46;EE PROF FERNANDO LEITE DE CAMPOS;27/02/21;24/03/22;146869;;;;
47;JARDIM SILVIA EMEF;20/04/21;27/03/22;96368;;;;
48;EE PADRE JOSE SANGALI;21/05/21;16/10/21;15031;;;;
49;ESCOLA MUNICIPAL ELISA CABRAL DE BRITO SILVA;18/09/21;22/04/22;81754;;;;
50;EE ODETE VALADARES;08/01/21;09/01/22;44952;;;;
51;UNID ESC FRANCISCO MENDES DE MORAIS;25/06/21;14/02/22;48130;;;;
52;ESC EST DESEMBARGADOR JOAO REBELO CORREA;02/10/21;13/11/21;53301;;;;
53;ESC MUL BALNEARIO MEIA PONTE;04/01/22;17/04/22;122934;;;;
54;NTE - IBAITI;19/10/21;18/03/22;115195;;;;
55;OLIVA IRENE BAYERLEIN SILVA;19/03/21;13/08/21;37077;;;;
56;EM MARIA DA PENHA SANTOS ALMEIDA;29/01/21;07/07/21;55229;;;;
57;EC 403 NORTE;12/10/21;28/01/22;128395;;;;
58;ANSELMO TESTA EMEI DO PARQUE RESIDENCIAL;06/04/22;06/04/22;74944;;;;
59;NOSSA SRA DA SALETE E M ED INF ENS FUND;14/02/22;08/03/22;142065;;;;
60;ESCOLA MUNICIPAL SAO LUIZ;06/09/21;28/02/22;55768;;;;
61;ESC EST ENS FUN PROFESSORA EMILIA DA SILVA PRATES;27/06/21;27/08/21;6074;;;;
62;EM NSA SRA DA CONCEICAO;22/11/21;18/03/22;57946;;;;
63;EM MARGARIDA DIAS;27/01/22;29/01/22;140157;;;;
64;ESCOLA ESTADUAL DE ENSINO FUNDAMENTAL ANGELO BEAL;04/05/21;14/12/21;107680;;;;
65;EEEFM DOM PEDRO I;03/01/21;30/03/21;122859;;;;
66;ESCOLA MUN PROF CLAUDINETE BATISTA;27/01/21;03/07/21;10367;;;;
67;NTM - SAO GON�ALO;26/06/21;14/11/21;111848;;;;
68;E E E I F BARAO DO RIO BRANCO;07/01/22;28/02/22;122642;;;;
69;ORESTES LADEIRA PADRE EMEF;03/07/21;06/02/22;145359;;;;
70;ESC NOSSA SRA DO PERPETUO SOCORRO;08/02/22;25/03/22;121083;;;;
71;EM UMBELINA MACHADO DA SILVA;22/03/22;21/04/22;79663;;;;
72;EE VISCONDE DE ARANTES;10/10/21;27/11/21;52560;;;;
73;ESC MUN PE HERIBERTO HARTMANN;12/08/21;21/09/21;30606;;;;
74;ESCOLA MUNICIPAL CEI RITTA ANNA DE CASSIA - EDUCACAO INFANTIL E ENSINO FUNDAMENTAL;11/03/21;03/08/21;83198;;;;
75;ESC MUL MARILEILA ALVES DOS SANTOS;07/02/21;30/09/21;35699;;;;
76;ESTEVAM SCHLOBACH SALVAGNI DR E.M;14/12/21;12/02/22;145828;;;;
77;EM PE FRANCISCO JOSE DA SILVA;16/06/21;08/07/21;11314;;;;
78;EE - COLEGIO ESTADUAL HENRIQUE BRITO;14/03/22;19/03/22;133627;;;;
79;ESCOLA MUNICIPAL LIONS CLUBE;02/02/22;08/03/22;77253;;;;
80;EMEF BENJAMIM GOMES MARANHAO;28/04/22;28/04/22;38610;;;;
81;EM ALEGRIA DO SABER;05/02/21;10/12/21;43418;;;;
82;ESCOLA DE 1  GRAU PROFESSOR LUIZ SANDE;18/03/21;06/06/21;84583;;;;
83;DARCY FEDERICI PACHECO PROFESSOR;19/03/22;02/04/22;48180;;;;
84;ESCOLA MUNICIPAL PROFESSORA ODETE ALMEIDA DO VALE;16/01/22;09/03/22;143814;;;;
85;NTM - IMBITUVA;12/01/21;21/11/21;14903;;;;
86;OSVALDO CRUZ E M E FUND;30/03/22;02/04/22;19095;;;;
87;ESCOLA MUNICIPAL REGINA COELI;30/05/21;31/07/21;104270;;;;
88;ESCOLA MUNICIPAL JOAO PEDRO DOS SANTOS;06/07/21;17/03/22;98735;;;;
89;HENRIQUE MONTENEGRO CAPITAO;22/06/21;11/07/21;52281;;;;
90;ESCOLA DE MUSICA BRUNO FERREIRA DA SILVA;12/12/21;24/03/22;52028;;;;
91;ESCOLA MUNICIPAL EDIVALDO MACHADO BOAVENTURA;04/06/21;26/01/22;11531;;;;
92;NELY CARBONIERI DE ANDRADE PROFA;26/09/21;12/11/21;75013;;;;
93;CENTRO EDUCACIONAL DE ITAQUARA;18/03/22;02/04/22;38417;;;;
94;EE JOAO DO VALE;31/03/21;21/03/22;67282;;;;
95;Polo UAB de Campo Formoso - BA;04/03/22;15/04/22;102090;;;;
96;JOSE A B ORSO C E E FUND MEDIO;09/03/21;16/01/22;93198;;;;
97;EMEF BARRA DO FORQUETA;21/03/21;06/01/22;60734;;;;
98;CE FRANCISCO ALVES;25/11/21;11/03/22;118187;;;;
99;EM D JUSTINO JOSE DE SANT ANA;25/06/21;12/03/22;23865;;;;
100;EMEF PRINCESA ISABEL;16/11/21;02/02/22;62201;;;;
101;JUSSARA FEITOSA DOMSCHKE PROFA;13/10/21;02/11/21;99207;;;;
102;EM JOSE ABDALLA;16/12/21;29/12/21;67230;;;;
103;MARIA APARECIDA LACAL E M PROFA E I E F;25/07/21;10/03/22;144976;;;;
104;CENTRO SOCIAL URBANO DE MUSSURUNGA;16/01/22;09/03/22;140206;;;;
105;EE ROTARY;09/08/21;29/01/22;55588;;;;
106;MARIA HELENA DA SILVA SILVERIO PROFA EMEF;29/11/21;15/12/21;15565;;;;
107;ESCOLA MUNICIPAL DEPUTADO JOSE CARLOS BRANDAO MONTEIRO;08/11/21;14/03/22;140483;;;;
108;ESCOLA MUNICIPAL LUNOLANDIA;09/11/21;10/03/22;96602;;;;
109;EM PROF ANTONIO SERGIO TEIXEIRA;09/05/21;28/08/21;74840;;;;
110;ESCOLA MUNICIPAL JOAO SEIXAS DOREA;28/11/21;06/03/22;12659;;;;
111;ESC RUY BARBOSA;22/01/22;31/03/22;21569;;;;
112;ESC MUN ENS FUN SAO JOSE;17/02/21;22/10/21;59782;;;;
113;CENTRO DE EDUC PROFISSIONAL DE ARTES VISUAIS CANDIDO PORTINA;08/03/22;11/03/22;37541;;;;
114;WALDEMAR ALCANTARA EEF GOVERNADOR;28/08/21;31/01/22;114502;;;;
115;ESCOLA MUNICIPAL MARIA LUIZA TELES ALVES;08/07/21;09/11/21;96;;;;
116;ERC EF PADRE MARCOS;20/09/21;25/04/22;53927;;;;
117;CENTRO COMUNITARIO EDUCACIONAL SAO FRANCISCO DE ASSIS;14/04/21;07/08/21;79049;;;;
118;CEEBJA DR MARIO FARACO E FUND MEDIO;01/01/22;30/01/22;36567;;;;
119;EE MARECHAL RONDON;09/10/21;06/12/21;82748;;;;
120;EM SERAPHINA DE OLIVEIRA FRAGOSO;26/11/21;12/01/22;85132;;;;
121;UE MARCONI CALDAS;13/04/21;22/07/21;121536;;;;
122;ESCOLA MUNICIPAL NEY BRAGA;24/05/21;21/10/21;131244;;;;
123;CIEP BRIZOLAO 135 AFONSO HENRIQUES LIMA BARRETO;30/05/21;19/08/21;91137;;;;
124;ESCOLA ANA RIBEIRO;16/01/22;18/04/22;101595;;;;
125;ESC. MUN. ED. INF. PIN�QUIO;30/03/22;19/04/22;75048;;;;
126;ESC EST PRES CAFE FILHO;15/07/21;20/10/21;436;;;;
127;JARDIM DAS GRACAS E M ED INF ENS FUND;31/05/21;04/01/22;33442;;;;
128;EEB ARY DE SOUZA BORGES;14/01/22;17/04/22;60626;;;;
129;EEB INTENDENTE JOSE FERNANDES;31/10/21;23/04/22;102834;;;;
130;ESCOLA MARECHAL RONDON;28/10/21;10/04/22;31192;;;;
131;CENTRO EDUCACIONAL PEDRO RIZZI;02/03/21;06/07/21;99375;;;;
132;JOSE GASPAR RUAS EMEF;02/08/21;03/02/22;120972;;;;
133;NTE - CAJAZEIRAS;31/12/21;01/03/22;27592;;;;
134;EMEF ANANIAS CUSTODIO;27/05/21;17/04/22;35394;;;;
135;COLEGIO NAVAL;06/01/21;01/06/21;70929;;;;
136;EMEF SAUL BENNESBY;09/03/21;28/04/22;9464;;;;
137;EMEIF MARIA ROSELI LIMA MESQUITA;17/02/22;21/02/22;114718;;;;
138;CAIC JOAO DE FARIAS PIMENTEL FILHO;12/09/21;07/01/22;53284;;;;
139;ESCOLA MUNICIPAL MOACIR LUIZ DE PAULA BRANDAO;08/07/21;14/10/21;138228;;;;
140;PRE ESCOLAR IGNEZ NEIVA DE OLIVEIRA;01/04/21;27/01/22;42147;;;;
141;ESC EST ANTONIO CORDEIRO PONTES;19/03/22;13/04/22;108430;;;;
142;E M ANTONIO JOAQUIM DE OLIVEIRA;28/09/21;20/04/22;37011;;;;
143;GIN EST LUIZ ALVES DE ALMEIDA;21/03/22;21/04/22;77066;;;;
144;EEEF SINHAZINHA RAMALHO;16/02/22;06/03/22;43461;;;;
145;ESCOLA ESTADUAL MADRE TEREZA DE CALCUTA;19/01/21;05/08/21;67471;;;;
146;JUVENAL DA COSTA E SILVA PROF. EMEF;15/03/21;12/12/21;39343;;;;
147;ESCOLA ESTADUAL BARAO DE PARIMA;08/01/22;17/04/22;73462;;;;
148;POLO E-TEC EE Prof D�ris Mendes Trindade;12/08/21;16/10/21;21269;;;;
149;NTM - P�o de A��car;05/01/22;25/01/22;115011;;;;
150;COLEGIO AURINO DA SILVA NONATO;08/08/21;05/03/22;89345;;;;
151;CENTRO EDUC MAXIMO NARDELLI;14/07/21;10/09/21;137009;;;;
152;BRASILIO MACHADO NETO COMENDADOR;20/02/22;26/04/22;145973;;;;
153;RAUL BRASIL PROF;04/05/21;13/05/21;78121;;;;
154;EDITH IRMA NUCLEO DE EDUC DE JOVENS E ADULTOS;31/03/21;03/08/21;113020;;;;
155;ESCOLA MUNICIPAL JOAO AMARO;03/07/21;28/09/21;63733;;;;
156;UE JOAO FONSECA MARANHAO;03/10/21;09/10/21;107778;;;;
157;ESCOLA MUNICIPAL DEPUTADO ANTONIO FERREIRA;07/05/21;18/03/22;35396;;;;
158;ESCOLA MUNICIPAL FRANCISCO ANTONIO DOS SANTOS;03/10/21;05/12/21;105541;;;;
159;EMEF AGUAS BRANCAS;25/10/21;18/03/22;8769;;;;
160;COLEGIO ESTADUAL LEINY LOPES DE SOUZA;23/07/21;21/09/21;80527;;;;
161;E E E F CABANAGEM;29/07/21;22/12/21;132689;;;;
162;RITA JULIA DE OLIVEIRA PROFA;14/02/22;22/03/22;143753;;;;
163;ESCOLA ESTADUAL NOSSA SENHORA DE GUADALUPE;14/05/21;15/08/21;99512;;;;
164;EE - COLEGIO ESTADUAL YEDA BARRADAS CARNEIRO;28/03/22;13/04/22;98918;;;;
165;ESC MUL PROFA TEREZINHA PAULINO DE LIMA;11/07/21;10/04/22;7704;;;;
166;0420004 ESCOLA MUNICIPAL JORNALISTA ORLANDO DANTAS;02/09/21;07/09/21;107775;;;;
167;EEEFM PROF JOAO DA CUNHA VINAGRE;10/01/22;10/04/22;120924;;;;
168;ESC EST ENS MED PADRE NUNES;24/05/21;24/12/21;46528;;;;
169;MARIA HELENA FARIA LIMA, PROFA.;18/12/21;30/01/22;97185;;;;
170;EM FRANCISCO FALCAO FREIRE;29/01/21;15/02/21;38974;;;;
171;ESC MUL LEANDRO NUNES MANSO;02/12/21;06/12/21;144607;;;;
172;ESCOLA MUNICIPAL SENADOR VICENTE EMILIO VUOLO;15/08/21;28/08/21;44557;;;;
173;EE SEBASTIAO RIBEIRO DE BRITO;26/11/21;14/03/22;140889;;;;
174;EM PRELIMINAR PATO DONALD;18/10/21;30/11/21;121738;;;;
175;EB OSVALDO MACHADO;24/04/22;26/04/22;82886;;;;
176;ASTROGILDO SILVA PROFESSOR;22/01/21;15/03/22;86562;;;;
177;ESCOLA MUNICIPAL PROFESSOR JOSE RODRIGUES SILQUEIRA;11/01/21;27/04/22;102369;;;;
178;E M OSWALDO CRUZ;19/12/21;11/04/22;15392;;;;
179;ESCOLA MUNICIPAL GETULIO VARGAS;24/08/21;30/12/21;87282;;;;
180;JURACI MARCHIONE VICE PREFEITO E.M.;27/03/21;21/09/21;137939;;;;
181;E E E F M JOAO SANTOS;25/11/21;04/12/21;111688;;;;
182;PRE ESC SAO FRANCISCO DE ASSIS;17/03/22;15/04/22;115017;;;;
183;FERNANDO VALEZI;28/11/21;19/03/22;100014;;;;
184;EM SAO DIMAS;17/11/21;03/02/22;25032;;;;
185;CE GRACA ARANHA;13/06/21;06/12/21;185;;;;
186;EE JOSE BONIFACIO;04/02/22;03/03/22;66518;;;;
187;EMEIFM EUNICE BARBOSA;11/11/21;02/03/22;24018;;;;
188;EE DOUTOR JOSE CORDEIRO DE CAMPOS;10/05/21;29/03/22;52600;;;;
189;EM JOSE SALUSTIANO LARA;06/03/21;19/05/21;138910;;;;
190;ESC MUL SEBASTIANA MARIA DE JESUS;17/04/22;25/04/22;97497;;;;
191;0312001 ESCOLA MUNICIPAL OSWALDO CRUZ;02/01/22;20/03/22;115502;;;;
192;ESC MUNICIPAL MARINA BARRETO;22/04/22;28/04/22;66603;;;;
193;COLEGIO ESTADUAL POETA JOSE SAMPAIO;23/09/21;06/04/22;62297;;;;
194;EM DONA VIDINHA PIRES;19/02/21;04/03/21;134255;;;;
195;EE WALDEMON MORAES COELHO;11/10/21;25/12/21;12012;;;;
196;EB MUN GIUSEPPE SETTE;23/02/21;06/03/22;11251;;;;
197;ESC MUL PROFA MALVINA COSME;16/04/22;22/04/22;57603;;;;
198;EE SAO MIGUEL;11/03/21;12/11/21;77981;;;;
199;CENTRO URBANO DE ENSINO COM MEDIACAO TECNOLOGICA DE BOA VISTA DO RAMOS;17/04/21;29/07/21;13751;;;;
200;MARIA CARMELITA P VILLACA UNIDADE MUN DE EDUCACAO ESPECIAL;27/04/21;16/12/21;72628;;;;
201;CESEC DE JOAO MONLEVADE;16/01/22;09/03/22;14914;;;;
202;NOEMIA REAL FIDALGO PROFA EM;02/10/21;23/12/21;147121;;;;
203;BERTHA CORREA E CASTRO DA ROCHA;03/04/21;24/05/21;113311;;;;
204;FERNANDO MAGALHAES PROFESSOR;01/04/22;01/04/22;79330;;;;
205;EEEF PROF JOSE BENTO;20/11/21;22/02/22;121706;;;;
206;ESC MUL PROFESSORA DALVA CERQUEIRA BRITO;06/01/22;06/01/22;105394;;;;
207;EM DURVAL COELHO BARBOZA;26/08/21;11/12/21;128727;;;;
208;NEJA NUCLEO DE EDUCACAO DE JOVENS E ADULTOS;15/06/21;01/09/21;115156;;;;
209;MARIA JOSE S SANTOS E M PFA E INF E FUND;26/12/21;02/04/22;142465;;;;
210;MISS BROWNE;17/03/22;19/04/22;47425;;;;
211;ANTONIO STELLA MORUZZI EMEB;22/10/21;01/03/22;102988;;;;
212;ESC. MUN. ED. INF. BRANCA DE NEVE;24/04/22;25/04/22;90415;;;;
213;ESC MUN OSCAR FERNANDES COSTA;01/03/22;07/04/22;13868;;;;
214;COLEGIO ESTADUAL COMPLEXO N 02;21/08/21;16/12/21;68641;;;;
215;UMEF PROFESSOR ZALUAR DIAS;05/02/22;12/03/22;139422;;;;
216;E M PROF ZILLA JUNGER DA SILVA;28/08/21;04/10/21;33499;;;;
217;E M E F OGILVANISE MOREIRA DE MOURA;17/02/21;24/04/22;106520;;;;
218;PEM CRIANCA FELIZ;13/10/21;12/12/21;93527;;;;
219;BRINQUEDOTECA MUNICIPAL MEU SEGUNDO LAR;16/05/21;20/09/21;125805;;;;
220;ESCOLA COMPOSITOR LUIZ GONZAGA;11/02/21;19/09/21;46539;;;;
221;EE JOSE RUFINO ENSINO FUNDAMENTAL;28/05/21;26/01/22;36478;;;;
222;ESCOLA MUNICIPAL TEREZINHA VAZ DA SILVEIRA;18/09/21;17/12/21;120528;;;;
223;ESC EST DE ENS FUND ANGELO EMILIO GRANDO;11/11/21;11/02/22;37042;;;;
224;ESCOLA MUNICIPAL NICE MENDONCA DE SOUZA E SILVA;07/04/22;18/04/22;148771;;;;
225;ESC MUL PE ANTONIO;05/09/21;19/01/22;149075;;;;
226;PECON DE CARMO DO RIO CLARO;04/09/21;24/09/21;112424;;;;
227;EE - COLEGIO ESTADUAL RAPHAEL SERRAVALLE;25/09/21;13/03/22;45067;;;;
228;EMEB MARIA DE LOURDES CARDOSO MALLMANN;22/04/21;15/12/21;63159;;;;
229;SEMIRAMIS PRADO DE OLIVEIRA PROFA EM;29/05/21;26/09/21;125589;;;;
230;DULCE IRMA EMEIEF;18/05/21;11/03/22;59845;;;;
231;EMF JOAQUIM PORTO VILLANOVA;10/09/21;07/03/22;125020;;;;
232;AMADOR BUENO DA VEIGA;16/12/21;24/04/22;33527;;;;
233;EMEIF THOMAZ POMPEU SOBRINHO;30/10/21;10/02/22;28115;;;;
234;ESC MUL MENINO JESUS;09/10/21;11/02/22;144535;;;;
235;EEB VICTOR KONDER;15/03/21;20/07/21;18875;;;;
236;ESCOLA MUNICIPAL MENINO JESUS;09/04/21;09/02/22;39980;;;;
237;ESC MUN ENS FUN PRES TANCREDO NEVES;22/11/21;10/01/22;59426;;;;
238;ESCOLA MUNICIPAL DO PAU MIUDO;08/12/21;08/01/22;36014;;;;
239;MARIA V B RAMOS E M PROFA ED INF E FUND;01/06/21;03/03/22;50084;;;;
240;EMEF RAIMUNDO RIBEIRO DIAS;23/07/21;26/01/22;94881;;;;
241;POLO EDUC MUL URBANO INTEGRACAO;28/02/21;01/07/21;123714;;;;
242;LUIS WASHINGTON VITA;21/02/21;02/09/21;94381;;;;
243;LEA ROSA MELO ANDREGHETTI PROFA;21/11/21;25/03/22;20820;;;;
244;JUVENTINA DE OLIVEIRA PENNA CAMPOS PROFA EMEB;09/10/21;05/02/22;25474;;;;
245;ESCOLA MUNICIPAL JANDIRA WALDERLEY BASTOS;29/06/21;06/04/22;9049;;;;
246;ESC STA LUIZA DE MARILLAC;27/09/21;20/10/21;91320;;;;
247;E M ANTONIO PINHEIRO GUIMARAES VICTORY;16/01/22;25/01/22;90338;;;;
248;MARIA HELENA DENIS FIGUEIREDO PROFA;26/09/21;11/03/22;78329;;;;
249;CRISTIANE CHAVES MOREIRA BRAGA PROFA;01/03/22;23/03/22;63809;;;;
250;CE MARCELINO MACHADO;18/06/21;16/02/22;34942;;;;
251;NTM - REBOU�AS;06/01/21;29/08/21;111280;;;;
252;ESCOLA FAMILIA AGRICOLA DE ITANHEM;24/04/22;25/04/22;92945;;;;
253;NE MUN PROF JOAO MARIA DE SOUZA JUNIOR;19/11/21;07/01/22;26871;;;;
254;ESC PAROQUIAL N SENHORA DA GLORIA;07/09/21;17/01/22;103675;;;;
255;EE LIGIA NAVARRO ENS DE 1 GRAU;18/11/21;10/02/22;18558;;;;
256;CENTRO EDUCACIONAL PADRE JOAO FARIAS;11/10/21;14/02/22;124111;;;;
257;ESC EST PROF  GERALDO DA SILVA PINTO;20/01/21;07/06/21;102847;;;;
258;CE ALDEBARA;09/04/21;31/08/21;78507;;;;
259;MURILO BRAGA EEM;01/08/21;16/11/21;26756;;;;
260;ESCOLA MUNICIPAL NAIR DE MELO FRANCO RIBEIRO;07/07/21;24/11/21;8872;;;;
261;CE DOUTOR ARMANDO SA COUTO;12/03/22;20/04/22;35413;;;;
262;EM DR JOSE EDILSON CARIDADE;25/01/21;23/06/21;82895;;;;
263;ESCOLA ESTADUAL SEBASTIAO FERNANDES DE OLIVEIRA;29/01/22;13/04/22;35704;;;;
264;UD DE ATALANTA;16/01/22;20/01/22;114868;;;;
265;CE ROBERTO MONTENEGRO;22/01/21;24/08/21;54143;;;;
266;JULIA WANDERLEY E M ED INF ENS FUND;12/05/21;09/04/22;73331;;;;
267;MONSENHOR MANOEL CANDIDO EEFM;04/03/22;10/04/22;63553;;;;
268;EEF AUGUSTO COLATTO;25/03/21;02/04/21;39186;;;;
269;EEEF DOM HELDER CAMARA;07/07/21;16/11/21;72163;;;;
270;JARDIM BRITANIA;17/11/21;02/04/22;119787;;;;
271;ESCOLA MUNICIPAL NOSSA SENHORA DO CARMO;16/01/22;11/04/22;52954;;;;
272;EE GOVERNADOR JUSCELINO KUBITSCHEK;28/09/21;25/11/21;72428;;;;
273;E M E F ABRAHAM LINCOLN;17/11/21;08/01/22;19443;;;;
274;ESCOLA ESTADUAL DE ENSINO FUNDAMENTAL E MEDIO EJA;03/10/21;11/03/22;74094;;;;
275;ANTONIO DE CASTRO ALVES C E E FUND MED;15/07/21;24/10/21;53352;;;;
276;ACACIA EMEF;15/10/21;30/01/22;74910;;;;
277;CARMELO SCOTTON E M ED INF ENS FUND;13/04/22;15/04/22;107880;;;;
278;EMEIEF JOSE VERONESE;18/08/21;29/09/21;121586;;;;
279;EE - COLEGIO ESTADUAL SATELITE;23/02/21;01/04/22;105015;;;;
280;EMEF FRANCISCO ANTONIO MARCUCCI;20/04/21;01/04/22;59030;;;;
281;ESCOLA DOMESTICA DE NOSSA SENHORA DO AMPARO;16/11/21;06/02/22;57647;;;;
282;E M MONTEIRO LOBATO;29/03/22;11/04/22;142199;;;;
283;ASSOCIACAO DOS AMIGOS DO BAIRRO NOVA AMERICA;13/03/22;27/03/22;143309;;;;
284;CAIC PROF BALDUINO BARBOSA DE DEUS;18/03/21;17/01/22;107350;;;;
285;MARIA DO CARMO CUNHA GUERBAS EMEF;07/11/21;11/12/21;31858;;;;
286;ESC MUL EDIVA MARIA DE PAIVA VIANA;06/06/21;03/02/22;36610;;;;
287;EEF TANCREDO DE ALMEIDA NEVES;19/09/21;22/01/22;27571;;;;
288;DARCY GARCIA GAVIRA PROFA EM;11/04/21;12/01/22;137866;;;;
289;EM PROFESSOR WALTER SIQUEIRA;30/01/21;15/05/21;76804;;;;
290;ESCOLA DE REFERENCIA EM ENSINO MEDIO GINASIO PERNAMBUCANO;02/03/22;24/03/22;35536;;;;
291;ESCOLA MUNICIPAL BARQUINHO AMARELO;13/03/22;10/04/22;73544;;;;
292;EM JOSE DE SOUZA DAMY;20/01/21;18/03/21;13410;;;;
293;EMILIA XIMENES CAPOZOLI EMEF;12/03/22;30/03/22;92586;;;;
294;EMEIEF PROFESSOR JOSE NUNES;16/09/21;31/12/21;119631;;;;
295;E MUNICIPAL DE ED INFANTIL RECANTO DO BEIJA FLOR;11/08/21;24/03/22;19481;;;;
296;EMEB ENG AGRON URBANO DE ANDRADE JUNQUEIRA - UNIDADE I;05/03/22;09/03/22;58960;;;;
297;CE MARIA LENY VIEIRA FERREIRA SILVA;09/07/21;16/09/21;132527;;;;
298;ESCOLA MUNICIPAL LUIZ DE CASTRO;17/06/21;24/08/21;114017;;;;
299;E M EIDER RIBEIRO DANTAS;30/03/22;10/04/22;113069;;;;
300;GENY FARAH SALLES PROFESSORA EMEF;01/09/21;07/04/22;35402;;;;
301;0206012 ESCOLA MUNICIPAL CAMILO CASTELO BRANCO;08/05/21;10/12/21;94399;;;;
302;C TEC MUN PEDAGOGICO;30/04/21;22/10/21;127604;;;;
303;EMEF PROF DULCE LOUREIRO CUZZUOL;24/08/21;29/10/21;147958;;;;
304;ESC MUN PROFESSOR BINU LEAO;22/06/21;24/10/21;59782;;;;
305;EM ANTONIO JOSE DAS VIRGENS;05/06/21;27/01/22;100258;;;;
306;ESCOLA MUNICIPAL HORAS FELIZES;22/04/22;27/04/22;128658;;;;
307;PADRE ANCHIETA;08/08/21;10/02/22;88495;;;;
308;NTM - MEDIANEIRA;13/08/21;26/03/22;11717;;;;
309;ESC EST ENS MED SANTA CLARA;20/04/22;26/04/22;119405;;;;
310;JOSE MARIO FALEIROS PROF EMEB;26/11/21;21/04/22;60673;;;;
311;E M VER PAULO BARENCO;24/02/21;02/03/21;105328;;;;
312;ESCOLA MUNICIPAL NOSSA SENHORA DO PILAR;12/03/21;23/06/21;141973;;;;
313;LEOLINO DOS SANTOS VEREADOR EM;21/03/21;17/08/21;100769;;;;
314;EEB TERESA RAMOS;01/09/21;01/10/21;130929;;;;
315;EM PROF LUZANIRA MARIA C CRUZ;13/06/21;13/04/22;98473;;;;
316;NTE - CEARA MIRIM  5  DIRED;23/02/22;16/03/22;1252;;;;
317;MARIA APARECIDA DE FARIA PROFESSORA EMEF;25/06/21;08/07/21;106017;;;;
318;EMEF RITA ALVES;24/03/22;08/04/22;41423;;;;
319;SAO MATEUS ESCOLA TECNICA ESTADUAL;26/02/21;21/04/21;65619;;;;
320;EEB GIOVANI PASQUALINI FARACO;28/02/22;04/04/22;146605;;;;
321;LAUDELINO DE ABREU EMEF;12/07/21;16/07/21;59363;;;;
322;EE - COLEGIO ESTADUAL DEMOCRATICO JUTAHY MAGALHAES;08/03/21;15/05/21;74935;;;;
323;ESCOLA NOSSA SENHORA AUXILIADORA;03/09/21;04/01/22;117249;;;;
324;CARLOS BAROZZI;08/06/21;25/01/22;10718;;;;
325;ESC DE EDUCA�AO INFANTIL DONA MARIETA FERREIRA;20/01/22;17/02/22;4648;;;;
326;JOANINHA C F SECHINI E M ENS FUND;27/04/21;14/11/21;99286;;;;
327;EE MARIO CAMPOS E SILVA;24/04/22;24/04/22;20783;;;;
328;EEB ROSINHA CAMPOS;09/07/21;25/07/21;148222;;;;
329;0918102 ESCOLA MUNICIPAL PROFESSORA DALVA LAZARONI;29/06/21;12/10/21;60306;;;;
330;ESC EST DJALMA A MARINHO ENS 1 E 2 GRAUS;18/08/21;12/04/22;72564;;;;
331;EE MOACIR ALBUQUERQUE;25/04/22;27/04/22;29779;;;;
332;JI ARCO IRIS;19/07/21;28/01/22;67068;;;;
333;ESC MUN ENS FUN PATRONATO SANTO ANTONIO;24/01/21;25/01/21;143565;;;;
334;ESCOLA SARGENTO CAMARGO;18/11/21;07/04/22;107943;;;;
335;ESCOLA MUNICIPAL DE 1   GRAU MARIA OTILIA CARDOSO;25/07/21;06/10/21;61845;;;;
336;ESC BRIGADEIRO EDUARDO GOMES;10/06/21;15/10/21;9708;;;;
337;EMEF NEUSA MARIA PEYNEAU;27/06/21;07/09/21;68281;;;;
338;ESC TEC POP NSA SRA DA PAZ - B;18/01/22;04/02/22;28951;;;;
339;ESC EST SENADOR JOAO BOSCO RAMOS DE LIMA;01/02/21;28/04/21;30260;;;;
340;E M ANDRE GOMES DOS SANTOS;21/04/22;25/04/22;68331;;;;
341;ESCOLA MUNICIPAL ALEGRIA DO SABER FIDELINA DE ASSIS;06/02/22;11/04/22;24370;;;;
342;ESC MUL FREI NAZARENO CONFALONI;13/12/21;28/12/21;82043;;;;
343;EMEF IRMA JACINTA SOARES DE SOUZA LIMA;16/02/21;19/04/21;87214;;;;
344;ESC MUN ENS FUN ALZEMIRO CANDIDO DE OLIVEIRA;28/04/21;08/10/21;16364;;;;
345;ESCOLA MUNICIPAL PADRE CIPRIANO DOUMA;16/07/21;27/03/22;87534;;;;
346;LEVY DE AZEVEDO SODRE, PROF.;07/09/21;06/02/22;74659;;;;
347;GRUPO ESCOLAR MUNICIPAL NELSA LUZIA TEIXEIRA;30/03/22;08/04/22;126735;;;;
348;EE DEPUTADO ALVARO SALLES;11/04/22;26/04/22;45891;;;;
349;CE SEVERINO PEREIRA DA SILVA;09/12/21;18/03/22;125524;;;;
350;BOSCO E M DOM ED INF ENS FUND;20/03/22;10/04/22;41872;;;;
351;PROFESSORA LUCIANA DAMAS BEZERRA;26/08/21;11/03/22;34623;;;;
352;E E E F M S FELIPE;31/07/21;06/08/21;34150;;;;
353;EEB DR ADERBAL RAMOS DA SILVA;03/08/21;06/12/21;126279;;;;
354;EEB MELCHIADES BONIFACIO ESPINDOLA;23/03/21;05/08/21;137532;;;;
355;ESCOLA MUNICIPAL VEREADOR EUDILTON MIRANDA;28/12/21;10/02/22;37021;;;;
356;ESC MUL DE ENS FUND DONA JOSEFINA;06/03/21;18/04/22;32558;;;;
357;ESC MUL EVA VIEIRA DE ALMEIDA;22/01/22;16/03/22;119378;;;;
358;ESC EST ENS FUND MINISTRO POTY MEDEIROS;31/03/22;06/04/22;103382;;;;
359;BENITO MARTINELLI PROF;06/08/21;20/08/21;81675;;;;
360;E M E I F PROF EURIDICE SOARES MARQUES DE SOUSA;05/09/21;23/03/22;10870;;;;
361;INSTITUTO METODISTA DE PETROPOLIS;05/04/22;25/04/22;122290;;;;
362;EE MAL CASTELO BRANCO;05/08/21;20/11/21;30430;;;;
363;EEF PREFEITO QUINTILIANO JOAO PACHECO;01/05/21;24/12/21;59055;;;;
364;CENTRO EDUCACIONAL AGUA AZUL ESCOLA DO CAMPO;22/08/21;07/01/22;106278;;;;
365;ESCOLA MUL MONS ESTANISLAU F DE CARVALHO;08/03/22;25/03/22;91521;;;;
366;ENSINO MEDIO AUGUSTINHO BRANDAO;14/06/21;24/04/22;53295;;;;
367;EE CONDE AFONSO CELSO;17/09/21;29/03/22;8267;;;;
368;EMEIEF AGUINALDO DE OLIVEIRA PONTES;30/08/21;27/09/21;68124;;;;
369;ISABEL E M PRINCESA E FUND;29/05/21;08/09/21;32208;;;;
370;EE 13 DE MAIO;06/01/21;04/03/22;34766;;;;
371;ESC MUL PLACIDO DE ALMEIDA;16/09/21;07/10/21;114779;;;;
372;JOAO JAYME M GUERRA, ESC ISOL PROF;21/03/22;28/04/22;24676;;;;
373;EE PROF FAUSTA GARCIA BUENO;09/05/21;09/07/21;18026;;;;
374;ELISA DE CAMPOS LIMA NOVELLI DONA;29/10/21;22/03/22;97469;;;;
375;ESC ROBERTO BORGES;25/02/22;08/04/22;21023;;;;
376;ESCOLA MUNICIPAL JOSE JOAQUIM JENIER;13/10/21;20/01/22;92521;;;;
377;EEB SAO JOSE;27/04/21;14/06/21;54445;;;;
378;EE PRESIDENTE JOAO PINHEIRO;08/02/21;17/10/21;39166;;;;
379;PINGO DE GENTE PRE ESC MUN ED INF;03/01/22;19/01/22;125590;;;;
380;EE SIRIA MARQUES DA SILVA;11/02/21;22/10/21;30937;;;;
381;Polo UAB de Campo Grande - MS;17/06/21;18/07/21;41170;;;;
382;OSWALDO CRUZ DR EM UNIDADE II;07/08/21;31/01/22;24790;;;;
383;LOURENCO FILHO E M PROF ED INF E FUND;19/08/21;10/11/21;79431;;;;
384;CIEP BRIZOLAO 406 LUDEVIS TEIXEIRA BASTOS;22/06/21;21/10/21;13209;;;;
385;EEEFM HONORATO FILGUEIRAS;20/04/22;24/04/22;41463;;;;
386;ESCOLA MUNICIPAL DE EDUCA�AO INFANTIL BEM ME QUER;14/03/22;15/04/22;53022;;;;
387;UD DE TROMBUDO CENTRAL;22/03/22;24/03/22;65088;;;;
388;ESC MUN ENS FUND BOA VISTA DO CADEADO;20/01/22;02/04/22;112696;;;;
389;ANA HERONDINA SOARES SCHYCHOF PROFESSORA;07/04/22;13/04/22;56757;;;;
390;EE - COLEGIO ESTADUAL GETULIO VARGAS;18/01/21;26/02/21;59643;;;;
391;COLEGIO ESTADUAL LEO LYNCE;05/02/22;05/03/22;130858;;;;
392;EMEF PROF ERNESTO NASCIMENTO;08/04/22;11/04/22;110970;;;;
393;E M E B RODRIGO DAMASCENO;21/07/21;08/10/21;117436;;;;
394;ESCOLA DE EDUCACAO BASICA MUNICIPAL 12 DE MAIO;04/04/22;06/04/22;24915;;;;
395;EMEF ANGELO ZANI;18/08/21;22/04/22;139549;;;;
396;ESCOLA MUNICIPAL EDIVALDO BOAVENTURA;29/05/21;22/01/22;54994;;;;
397;Polo UAB de Formiga;26/01/21;15/04/21;120542;;;;
398;EE DONA ROSA FRIGGER PIOVEZAN;11/02/21;13/11/21;22564;;;;
399;EMEF ADV OTAVIO AMORIM;03/08/21;02/04/22;142672;;;;
400;ESCOLA MUNICIPAL FUNDAMENTAL DAVI CANABARRO;29/03/22;02/04/22;2447;;;;
401;PONTE DA AMIZADE E M ED INF ENS FUND;20/06/21;29/11/21;83199;;;;
402;CENTRO EST ED PROF PF MARIA L C BOMTEMPO;09/01/21;13/04/22;126847;;;;
403;MAISA APARECIDA RIBEIRO E.M.;01/04/21;04/08/21;134305;;;;
404;CEJA PAULO FREIRE;31/12/21;13/03/22;142812;;;;
405;EM DE TIMOTEO;07/03/22;13/03/22;34859;;;;
406;EM CAPITAO MORBELLO VENDRAMINI;05/02/21;18/12/21;7864;;;;
407;EEEFM MANOEL LOBATO;22/03/22;26/04/22;14682;;;;
408;AUGUSTO CESAR RIBEIRO PROF REMEFI;07/05/21;01/10/21;16319;;;;
409;ESCOLA MUNICPAL AMARO GONZAGA;31/07/21;15/02/22;98785;;;;
410;NUCLEO DE EDUCACAO INFANTIL DAVID ABREU DE SOUSA;30/03/21;08/08/21;16112;;;;
411;INSTITUTO ESTADUAL DE EDUCACAO BORGES DO CANTO;06/05/21;13/07/21;27277;;;;
412;0918029 ESCOLA MUNICIPAL PRESIDENTE ARTHUR BERNARDES;24/06/21;26/04/22;25080;;;;
413;E M JOSE ROBERTO SAMPAIO;27/01/22;12/03/22;106336;;;;
414;EE SANTO ANTONIO;09/04/22;18/04/22;84839;;;;
415;EE FRANCISCO DO CARMO;24/03/22;26/03/22;86293;;;;
416;COLEGIO ESTADUAL EURIPEDES BARSANULFO;30/07/21;07/01/22;97927;;;;
417;CE JOAO PESSOA;06/03/22;30/03/22;61150;;;;
418;EM MURILLO GARCIA MOREIRA;19/11/21;05/03/22;32664;;;;
419;ESC EST ENS FUN SANTA RITA DE CASSIA;17/05/21;07/06/21;19141;;;;
420;EEEF SANTA FILOMENA;10/04/22;28/04/22;23442;;;;
421;ESCOLA MUNICIPALIZADA CLEMENCEAU TEIXEIRA;23/04/22;23/04/22;56381;;;;
422;NTM - CAIC�;25/11/21;11/04/22;33233;;;;
423;EE - ESCOLA ESTADUAL DOUTOR ANTONIO CARLOS MAGALHAES;08/03/21;27/02/22;79715;;;;
424;CEF 213 DE SANTA MARIA;26/04/22;28/04/22;68215;;;;
425;0313034 ESCOLA MUNICIPAL HELIO SMIDT;14/06/21;28/12/21;38668;;;;
426;EM JOAO MAZILAO;16/04/21;12/06/21;148055;;;;
427;C E ESTEFANIA PEREIRA PINTO;02/01/22;04/02/22;87968;;;;
428;WILSON BASTOS RODRIGUES CEI;14/09/21;24/04/22;36176;;;;
429;MARCIONILLO TIBURCIO ESC MUN ENS FUND;04/04/21;24/09/21;10548;;;;
430;CE ALICE PACCINI GELIO;27/01/22;02/04/22;51186;;;;
431;ESCOLA ESTADUAL PROFESSORA NORMELIA ARAUJO MELO;03/04/21;09/09/21;134646;;;;
432;ESC MUL MONS FRANCISCO DA S PINTO;02/10/21;19/04/22;40408;;;;
433;EE - COLEGIO ESTADUAL ALIPIO FRANCA;19/01/21;03/04/21;26018;;;;
434;ESC EST ENS MED ZENIR GHIZZI DA SILVA;28/06/21;21/08/21;13933;;;;
435;0205006 ESCOLA MUNICIPAL DOM AQUINO CORREA;26/05/21;01/08/21;21643;;;;
436;ESC MUL PROFA MARIA DO SOCORRO CORTEZ;20/06/21;15/01/22;132601;;;;
437;ESCOLA MUNICIPAL FRANCISCO BENICIO DOS SANTOS;14/11/21;23/03/22;15650;;;;
438;ESCOLA DOM JOAO CRISOSTOMO;23/03/21;15/02/22;31715;;;;
439;MARIA VERA LOMBARDI SIQUEIRA PROFA;15/04/21;01/08/21;64171;;;;
440;ESCOLA ESTADUAL DR EDIVALDO MACHADO BOAVENTURA;24/02/22;21/03/22;85444;;;;
441;JOSE WILSON PADINHA PROF;25/10/21;13/03/22;134988;;;;
442;GENESIO MACHADO PROFESSOR;27/03/21;22/04/22;129110;;;;
443;ESC MUL MARIA LIRA;17/01/21;26/01/22;2571;;;;
444;INTEGRANDO O SABER EMEIEF;03/08/21;09/03/22;8261;;;;
445;0833042 ESCOLA MUNICIPAL PADRE LEONEL FRANCA;10/01/21;04/10/21;36439;;;;
446;CENTRO EDUCACIONAL DE ITACARE;14/08/21;08/09/21;21738;;;;
447;SANTO ANTONIO E R M EF;12/09/21;28/02/22;134732;;;;
448;ESCOLASTICA ROSA DE ALMEIDA PROFESSORA;11/04/22;14/04/22;29418;;;;
449;ROMEU DE MORAES;07/05/21;19/03/22;8586;;;;
450;ESCOLA MUNICIPAL DOM HELDER CAMARA;17/10/21;19/01/22;82566;;;;
451;ESCOLA MUNICIPAL DE PILAO ARCADO;12/11/21;30/03/22;118577;;;;
452;EM MARIA LUIZA DA PAIXAO;02/01/22;27/03/22;127744;;;;
453;FAXINAL DA BOA VISTA C E E FUND MEDIO;03/03/22;02/04/22;18489;;;;
454;CEI - PROF OLIVALTO ELIAS DA SILVA;19/01/21;09/03/22;8381;;;;
455;ESCOLA MUNICIPAL JARDIM PRIMAVERA;16/10/21;18/11/21;23857;;;;
456;ESCOLA IGREJA BATISTA;25/06/21;12/04/22;34572;;;;
457;ESC MUL ARY RIBEIRO VALADAO FILHO;29/11/21;30/12/21;96551;;;;
458;ESCOLA ESTADUAL NOSSA SENHORA DE NAZARE;19/02/22;05/04/22;19083;;;;
459;CE GUADALUPE;01/09/21;24/10/21;113702;;;;
460;EM FERNAO DIAS PAES;27/01/22;11/02/22;6885;;;;
461;EM PROF EVALDO FONTES;22/07/21;06/09/21;93834;;;;
462;ESPACO MUL DE ENSINO SUPLETIVO;29/06/21;03/03/22;122779;;;;
463;MATHEUS MAYLASKY EM;19/03/21;16/06/21;90501;;;;
464;CE PROFESSOR MURILO BRAGA;11/02/21;15/07/21;62460;;;;
465;EE MAL RONDON;02/02/21;17/11/21;77933;;;;
466;ESCOLA DE ENS FUND DR HENRIQUE EQUELMAN;14/02/21;15/02/22;121128;;;;
467;PEM MORANGUINHO;15/11/21;30/03/22;97300;;;;
468;SEBASTIAO FLORENCIO DE ATHAYDE DR EMEF;14/06/21;22/04/22;41509;;;;
469;ESCOLA ESTADUAL PROF IZABEL ESTEVES DE FREITAS;21/03/22;14/04/22;13696;;;;
470;E M E F ELOI CARDOSO;13/03/22;01/04/22;130241;;;;
471;EE - COLEGIO ESTADUAL MARIA EVANGELINA LIMA SANTOS;06/09/21;06/11/21;129171;;;;
472;CENTRO MUNICIPAL DE EDUCACAO ESPECIAL;12/11/21;01/04/22;89186;;;;
473;EEB CONEGO NICOLAU GESING;25/04/22;26/04/22;51345;;;;
474;LUIZA MENDES RODRIGUES EEF;08/05/21;16/01/22;121009;;;;
475;0411017 ESCOLA MUNICIPAL MINISTRO AFRANIO COSTA;07/11/21;13/03/22;61244;;;;
476;JOANA VALACHE ESCOLA MUNICIPAL DE EDUCACAO ESPECIAL;15/04/21;29/03/22;114898;;;;
477;ESCOLA MUNICIPAL AURELIO BUARQUE DE HOLANDA;01/02/21;08/06/21;88594;;;;
478;EEEF CASTRO PINTO;12/03/21;13/01/22;76700;;;;
479;NTE - CARATINGA;07/11/21;16/11/21;56902;;;;
480;ESCOLA PARQUE LIONS CLUB;17/01/21;30/12/21;54665;;;;
481;ESCOLA MUNICIPAL CEI PROFESSOR LAURO ESMANHOTO - EDUCACAO INFANTIL E ENSINO FUNDAMENTAL;16/05/21;11/04/22;32622;;;;
482;UNID ESC JOSE LEONCIO DE BARROS;13/06/21;15/10/21;91947;;;;
483;E M E F PAULO RODRIGUES DOS SANTOS;25/11/21;26/04/22;45059;;;;
484;GRUPO ESCOLAR JOSE LAZARO PEREIRA;25/01/22;13/04/22;15070;;;;
485;E M E F CREUZA DE SOUZA VIANA;13/03/22;17/03/22;89055;;;;
486;ESC MUNICIPAL DR APARICIO COUTO MOREIRA;18/02/21;30/01/22;63687;;;;
487;NARCISO PESSOA DE ARAUJO EMEIEF;27/05/21;12/03/22;104936;;;;
488;PROJETO VARANDA POLO 2 CLASSES DESCENTRALIZADAS;14/07/21;12/08/21;8978;;;;
489;E M MARIA GONZAGA DE OLIVEIRA;14/02/21;22/07/21;107427;;;;
490;ESCOLA CRECHE EMILIA CAVALCANTE DE MORAIS NETA;02/12/21;20/04/22;116224;;;;
491;EMEF OZIEL ALVES PEREIRA;15/02/21;17/03/21;95486;;;;
492;EMEF DARCY RIBEIRO;07/03/22;28/03/22;88518;;;;
493;CEEBJA CAMPO MOURAO ENS FUND MED;18/10/21;22/01/22;147269;;;;
494;ESCOLA MUNICIPAL ENY CALDEIRA - EDUCACAO INFANTIL E ENSINO FUNDAMENTAL;18/08/21;17/02/22;102178;;;;
495;IZABEL BRANCO PROFA EMEF;27/06/21;04/11/21;70390;;;;
496;EEB DR GUILHERME JOSE MISSEN;16/02/21;05/02/22;128905;;;;
497;EM VALERIO CARLOS DA COSTA;27/06/21;14/08/21;29375;;;;
498;EMEF DEZENOVE DE MARCO;07/01/22;22/04/22;110313;;;;
499;ESC EST ENS FUN IRMAOS ANDRADAS;17/03/21;11/08/21;17797;;;;
500;HEITOR GLOEDEN EMEF;18/01/22;28/04/22;142025;;;;
501;EE PROF DAVID PROCOPIO;13/01/21;13/05/21;134759;;;;
502;ESCOLA MUNICIPAL MENINO JESUS DE PRAGA;18/06/21;29/10/21;122190;;;;
503;MAURO APARECIDO DE GODOY EMEIEF;11/04/21;11/01/22;35298;;;;
504;ESCOLA MUNICIPALIZADA JOHN KENNEDY;07/02/22;21/04/22;19560;;;;
505;INSTITUTO DE EDUCACAO;06/06/21;18/06/21;1834;;;;
506;RUTH P ROCHA E M PROFA ED INF ENS FUND;23/06/21;11/02/22;145574;;;;
507;ESC EST PROF JOSE ELNO FERREIRA DE SOUZA;26/12/21;16/03/22;76140;;;;
508;ESCOLA DA APAE;03/01/21;10/02/22;97161;;;;
509;EDMUNDO DE CARVALHO DR;10/07/21;12/12/21;125861;;;;
510;ERC PEQUENO PRINCIPE;07/05/21;10/01/22;114871;;;;
511;ELISA MOREIRA DOS SANTOS D.EMEF;22/12/21;06/01/22;98588;;;;
512;JARDIM NOSSA SENHORA AUXILIADORA EMEI;21/10/21;09/12/21;149752;;;;
513;CESG PROF  LOURDES GUSMAO;23/02/22;05/04/22;74538;;;;
514;EEB PROF NEUSA OSTETTO CARDOSO;23/11/21;14/03/22;14522;;;;
515;SAO FRANCISCO DAS CHAGAS EEIEF;28/06/21;16/11/21;70812;;;;
516;ESCOLA ESTADUAL DEPUTADO JOSE MEDEIROS;14/12/21;04/01/22;138638;;;;
517;EM JACINTO SILVEIRA NETO;05/07/21;04/02/22;55764;;;;
518;E E E F M DR LAURENO ALVES DE MELO;02/03/21;15/12/21;29191;;;;
519;CENTRO DE ATIVIDADE COMPLEMENTAR - PETI;15/11/21;09/02/22;124261;;;;
520;MOACYR TEIXEIRA DOUTOR;13/11/21;26/04/22;122346;;;;
521;COLEGIO ESTADUAL CHRISANTO HENRIQUE DE SOUZA;13/08/21;25/02/22;42128;;;;
522;EE - COLEGIO GEORGINA SOARES NASCIMENTO;31/05/21;10/10/21;36267;;;;
523;COLEGIO ESTADUAL DR RUBENS CARNEIRO DOS SANTOS;31/01/22;16/02/22;94451;;;;
524;EE MARIA QUITERIA;04/03/22;21/04/22;116796;;;;
525;0716065 ESCOLA MUNICIPAL CARLOS DE LAET;24/12/21;05/02/22;142885;;;;
526;ESCOLA MUNICIPAL MARIA DARC CARNEIRO VIEIRA DE SA;12/11/21;14/04/22;26397;;;;
527;E M MARIA AUGUSTA LOPES;12/03/21;26/10/21;34676;;;;
528;RODRIGUES DE ABREU ETE;05/06/21;05/06/21;36379;;;;
529;CE JOSE SARNEY COSTA;09/03/22;04/04/22;58320;;;;
530;ESCOLA ESTADUAL CONRADO PINTO GOMES;30/10/21;22/04/22;89486;;;;
531;E M E I F A MAO COOPERADORA;14/11/21;03/02/22;83359;;;;
532;ESC EST PROF EDNA MARIA QUEIROZ DA SILVA;07/04/21;09/12/21;140479;;;;
533;ESC MUN ENS FUN PRESIDENTE VARGAS;03/11/21;27/04/22;81581;;;;
534;FRANCISCO RIBEIRO EMEF;17/12/21;06/02/22;106929;;;;
535;RACHEL DE QUEIROZ ESCOLA MUN DE ENSINO FUNDAMENTAL;09/04/22;09/04/22;36348;;;;
536;PARQUE MARAJOARA II;22/02/21;25/02/21;24238;;;;
537;ESCOLA ESTADUAL MANOEL BATISTA;06/01/21;11/04/21;120922;;;;
538;AFONSO CAFARO;04/03/22;16/04/22;59671;;;;
539;EE JACINTO DE MAGALHAES;28/04/21;18/03/22;48849;;;;
540;EM AMYNTHAS JACQUES DE MORAES;08/07/21;15/03/22;7272;;;;
541;EE FREI GASPAR DE MODICA;22/02/22;15/03/22;27875;;;;
542;ESCOLA DE REFERENCIA EM ENSINO MEDIO OLIVEIRA LIMA;14/01/22;18/04/22;58407;;;;
543;BERNARDINO MARQUES DA SILVA PREF EMEF;22/05/21;05/10/21;28217;;;;
544;GRUPO ESCOLAR NAVARRO DE BRITO;03/07/21;16/01/22;64491;;;;
545;OSWALDO RIBEIRO JUNQUEIRA;27/05/21;14/02/22;35254;;;;
546;ESCOLA MUNICIPAL GRACY VIANNA LAGE;08/02/22;08/04/22;146495;;;;
547;EM FRANCISCO CAMPOS;23/03/21;10/07/21;59237;;;;
548;CE COELHO NETO;18/12/21;28/04/22;145754;;;;
549;EEEF SENADOR TEOTONIO VILELA;27/04/21;27/07/21;14234;;;;
550;ESCOLA MUL PROFA SEVY FERREIRA BARROS;31/08/21;15/04/22;11944;;;;
551;EE - ESCOLA ESTADUAL JOSIAS DE ALMEIDA MELO;06/01/21;07/03/21;120660;;;;
552;ESC MUN ENS FUN ERNESTO PANDOLFO;21/12/21;24/12/21;118146;;;;
553;ESCOLA MUNICIPAL PROF  DELIA DO AMARAL G SANTOS;24/01/22;11/04/22;44996;;;;
554;EEEF LUIZ DE CAMOES;13/02/22;25/02/22;112595;;;;
555;SILVIO DE ALMEIDA;25/08/21;30/08/21;69602;;;;
556;EEEF JOAO URSULO;01/10/21;16/11/21;146224;;;;
557;TANCREDO NEVES E M ENS FUND;05/02/21;07/01/22;22296;;;;
558;ESCOLA MUNICIPAL DA JUREMA;11/10/21;09/03/22;12838;;;;
559;MARIA GEMMA DE SOUZA OLIVEIRA PROFA;11/02/22;30/03/22;4122;;;;
560;ESCOLA MUNICIPAL JOAO FELIPE;01/01/22;23/04/22;149416;;;;
561;UNID ESC DR JOSE DE MOURA FE;23/04/22;27/04/22;118204;;;;
562;ESC MUN ENS FUN ADELINO LOPES DA SILVA;27/02/21;15/12/21;136283;;;;
563;FRANCISCO RIBEIRO ROSA PROF;11/01/22;31/01/22;114939;;;;
564;JULIO SZYMANSKI C E PROF E MED PROF N;09/04/22;27/04/22;80598;;;;
565;EEEFM GOVERNADOR CLOVIS BEZERRA CAVALCANTI;12/12/21;22/12/21;61232;;;;
566;VINICIO SPESSOTTO EMEI;31/05/21;23/07/21;130281;;;;
567;EM JARBAS PASSARINHO;03/11/21;24/01/22;43785;;;;
568;ESC MUL MANOEL FRANCISCO GARCIA MARQUES;09/01/22;25/02/22;106442;;;;
569;ESCOLA JOAQUIM VALOIS COUTINHO NETO;14/06/21;31/12/21;116128;;;;
570;INSTITUTO ED TURMINHA FELIZ;10/05/21;11/11/21;16015;;;;
571;MONTEIRO LOBATO EM;31/05/21;28/01/22;45615;;;;
572;ESC MUL PROFA TEREZA SATSUQUI;28/01/21;23/11/21;70729;;;;
573;WALDOMIRO GOMES EMEF;20/10/21;26/12/21;49814;;;;
574;EEEF ANDRE VIDAL DE NEGREIROS;20/01/21;31/01/21;67285;;;;
575;UE MARANHAO SOBRINHO;26/12/21;21/01/22;87627;;;;
576;IEMA - INSTITUTO ESTADUAL DE EDUCACAO CIENCIA E TECNOLOGIA D;11/03/21;25/10/21;144463;;;;
577;ESCOLA MUNICIPAL PROFESSORA ENY NOVAIS MAFRA;21/08/21;01/04/22;47784;;;;
578;CEMUS VII - MARIA JESUINA NASCIMENTO DE MORAES PRO;02/03/21;14/11/21;32306;;;;
579;ESC EST PROF MARIA JOSE DE S E SILVA;26/04/21;30/12/21;43347;;;;
580;ESCOLA PROF DAHILVA SIQUEIRA;17/07/21;28/07/21;90616;;;;
581;WILSON PEREIRA DA SILVA PROFESSOR - EM;31/01/21;26/04/21;88451;;;;
582;MUFARREGE SALOMAO CHAMMA E.M;05/07/21;11/04/22;32453;;;;
583;U E PROF  CECI TEIXEIRA LIMA E SILVA;21/03/22;17/04/22;56384;;;;
584;ESCOLA MUL LEONARDO DE ARAUJO PIMENTEL;23/09/21;11/10/21;42861;;;;
585;EMEIF JONATHAN DA ROCHA ALCOFORADO;17/08/21;05/10/21;112572;;;;
586;EMEF DEISE FRANCOISE;02/02/21;27/03/22;79814;;;;
587;SERVICO DE CONVIVENCIA E FORTALECIMENTO DE VINCULOS;12/06/21;18/08/21;5083;;;;
588;UEB RIVANDA BERENICE BRAGA;14/01/22;14/04/22;147773;;;;
589;ESCOLA MUNICIPAL PEDRO FELIX DE MELO;03/06/21;22/07/21;106162;;;;
590;EM PROFA MARIA CARMO RIBEIRO UNID II;27/02/22;17/03/22;20463;;;;
591;OSWALDO QUIRINO SIMOES EMEF;04/12/21;13/12/21;74757;;;;
592;UI GOVERNADOR JOSE MURAD;11/04/22;22/04/22;87062;;;;
593;NTM - VILA VELHA;24/09/21;22/11/21;124981;;;;
594;ESCOLA MUNICIPAL MARGARIDA SERPA COSSART;12/03/21;23/06/21;39626;;;;
595;EM PREF JOSE ESTEVES;06/01/21;31/08/21;2273;;;;
596;ZULEIKA LAZZARO BARBI PROFESSORA EMEIF;06/01/22;31/03/22;44412;;;;
597;EE INDEPENDENCIA;10/02/22;22/02/22;51203;;;;
598;Polo UAB de Bel�m - PA  UAB 3 - IEP;20/03/22;14/04/22;130327;;;;
599;ESCOLA ESTADUAL PEDRO DINIZ GONCALVES;18/11/21;03/03/22;11058;;;;
600;CE PROFESSOR JOSE MEDEIROS DE CAMARGO;25/01/21;27/01/22;52597;;;;
601;UNID ESC PROF PINHEIRO MACHADO;09/02/21;23/05/21;79273;;;;
602;MARIA DE FATIMA GOMES ALVES;16/09/21;27/03/22;60696;;;;
603;ESCOLA DE REFERENCIA EM ENSINO MEDIO SILVA JARDIM;02/11/21;22/12/21;58193;;;;
604;EMEIF YOLANDA QUEIROZ;12/09/21;01/02/22;85934;;;;
605;EEEF OITO DE JULHO;14/04/21;31/07/21;34684;;;;
606;EE SINFRONIO FERNANDES;02/10/21;02/12/21;134974;;;;
607;ESCOLA EFANDIL SOARES DA SILVA;04/01/21;24/08/21;148941;;;;
608;ESC MUL ANTONIO EZEQUIEL PORTUGAL;09/12/21;26/04/22;41401;;;;
609;CE ESTADO DO RIO DE JANEIRO;07/04/21;13/01/22;112594;;;;
610;ESCOLA ESTADUAL PROFESSORA RUTH MENDONCA;11/01/21;26/04/22;78510;;;;
611;COLEGIO EST NOSSO SENHOR DO BONFIM;08/02/22;03/03/22;7459;;;;
612;CAXIAS E M DUQUE DE ED INF ENS FUND;27/06/21;18/12/21;5872;;;;
613;ESCOLA MUNICIPAL RAULINO QUEIROZ;29/01/22;21/02/22;27769;;;;
614;ESCOLA MUNICIPAL PROFESSORA EMILIANA SOUZA OLIVEIRA;24/06/21;29/11/21;42429;;;;
615;ESC MUN ENS FUN ELEMAR GUILHERME KROTH;07/03/22;19/04/22;76014;;;;
616;EEEFM PROF JOSEFA JUSTINO GOMES;10/04/21;03/12/21;65689;;;;
617;Polo UAB de Itaqui;18/05/21;22/11/21;146874;;;;
618;PEM INFANCIA FELIZ;20/11/21;02/01/22;25742;;;;
619;ESCOLA MUNICIPAL PROFESSOR CALAZANS GUERRA;24/08/21;21/03/22;143725;;;;
620;ESC MUL CEL MARIZ;25/10/21;06/01/22;37879;;;;
621;GRUPO ESCOLAR PRESIDENTE EMILIO GARRASTAZU MEDICI;17/05/21;12/07/21;68809;;;;
622;E MUNICIPAL DE EDUCA�AO INFANTIL SAO JOSE;28/04/21;04/12/21;144188;;;;
623;ESCOLA BARTOLOMEU DOS SANTOS MATOS;21/03/22;06/04/22;36138;;;;
624;ESC MUN ENS FUN DR ALTAMIR DE LACERDA NASCIMENTO;25/04/21;06/04/22;147627;;;;
625;ANDRE ANDREATTA C E E FUND MEDIO;10/05/21;19/10/21;93773;;;;
626;GRUPO ESCOLAR MIGUEL FERNANDES;23/12/21;03/01/22;125957;;;;
627;JOSE MARIA DE ALMEIDA PRADO COMEND.EMEF;08/07/21;09/12/21;94634;;;;
628;ESCOLA NOSSA SENHORA AUXILIADORA;16/03/22;20/04/22;25377;;;;
629;ESC APLICACAO PROFA IVONITA ALVES GUERRA;22/04/21;11/09/21;77640;;;;
630;ESC MUL JOAO XXIII;27/01/21;04/05/21;18516;;;;
631;E M E I SAGRADO CORA�AO DE JESUS;23/05/21;31/05/21;4060;;;;
632;ESC EST PROF  ROBERTO JOSE MORAIS DE CASTRO;30/06/21;05/10/21;96487;;;;
633;EE 15 DE JUNHO;03/04/21;11/03/22;103972;;;;
634;ESC MUL MONS JOSE FLORENTINO DE OLIVEIRA;01/02/21;15/09/21;110153;;;;
635;CRECHE TIA ANGELICA;29/05/21;26/01/22;47171;;;;
636;NUCLEO DE EDUCA�AO INFANTIL MEU PRIMEIRO PASSO;14/09/21;25/04/22;62438;;;;
637;JARDIM UNIVERSITARIO E E E FUND;20/05/21;03/07/21;94679;;;;
638;EM DE ANDREQUICE;17/10/21;27/04/22;20357;;;;
639;CAIC JORNALISTA JOEL SILVEIRA;09/12/21;05/02/22;6372;;;;
640;ESC MUN ENS FUN MAXIMO LAVIAGUERRE;16/08/21;08/03/22;3983;;;;
641;EEEM PAULO FREIRE;03/03/21;26/04/22;138192;;;;
642;ESCOLA MUNICIPAL DE ENSINO FUNDAMENTAL PEQUENO PRINCIPE;25/09/21;22/01/22;74262;;;;
643;COLEGIO ESTADUAL DE BRAZABRANTES;05/12/21;19/02/22;89598;;;;
644;EM IZABEL GOMES TEIXEIRA;15/07/21;06/12/21;10296;;;;
645;C. DE EDUC. PROFISSIONAL EZEQUIEL FERREIRA LIMA;26/04/22;27/04/22;67745;;;;
646;EB MUN BAIRRO BORTOLOTTO;22/12/21;03/04/22;126034;;;;
647;EEM ANTONIO PASCHOAL APOSTOLO;21/06/21;13/03/22;61164;;;;
648;SESI- ESCOLA ALVIMAR CARNEIRO DE RESENDE;13/07/21;22/07/21;97572;;;;
649;ESCOLA ESTADUAL OLIMPIO ALVES;24/08/21;22/12/21;120546;;;;
650;ESCOLA MUL ROSA MISTICA;06/10/21;26/02/22;96778;;;;
651;EMEB PROF ELZA LUIZA ESTEVES;28/04/22;28/04/22;111738;;;;
652;EM DR EMILIO ABDON POVOA;11/04/21;10/06/21;146647;;;;
653;E M E I F FREI GIL DE VILANOVA;14/04/22;19/04/22;20104;;;;
654;ESCOLA MUNICIPAL DO NATAL;12/02/21;25/07/21;72454;;;;
655;ESCOLA AARAO LINS DE ANDRADE;19/01/22;28/04/22;32648;;;;
656;PEM PATO DONALD;28/04/22;28/04/22;141411;;;;
657;EB MUN SOPHIA SCHWEDLER;22/02/21;29/08/21;4860;;;;
658;ESC MUL EDUCA�AO INFANTIL VIVENDO E APRENDENDO;18/11/21;11/03/22;58564;;;;
659;IDALIA GOES E M PROFA ED INF E FUND;27/03/21;20/05/21;4829;;;;
660;ESCOLA MINIMA FLORESTINHA;11/03/22;21/03/22;40987;;;;
661;ER MUN PRES TANCREDO DE ALMEIDA NEVES;27/01/21;18/05/21;82218;;;;
662;EE MARIA ZELI DINIZ FONSECA;21/09/21;02/04/22;68174;;;;
663;COLEGIO ESTADUAL PRESIDENTE COSTA E SILVA;08/05/21;03/11/21;52410;;;;
664;UMEF ANTONIO BEZERRA DE FARIAS;03/04/22;14/04/22;57370;;;;
665;ESC ARTUR LEBRE;29/01/21;12/10/21;115996;;;;
666;ODILA AMARAL BOTTCHER PROFA EMEF;31/08/21;17/03/22;1196;;;;
667;EE PROF STELLA GONCALVES;11/12/21;15/03/22;58764;;;;
668;UNIDADE ESCOLAR FUNDACAO LAURO RIBEIRO;28/08/21;02/03/22;13059;;;;
669;ESCOLA MUNICIPAL SAO MATEUS DO SUL - EDUCACAO INFANTIL E ENSINO FUNDAMENTAL;03/08/21;05/01/22;64274;;;;
670;CES DA ILHA DO GOVERNADOR;01/06/21;10/12/21;48807;;;;
671;CE MENINO JESUS DE PRAGA;21/02/21;03/02/22;136268;;;;
672;CAIC EM PE JOAO BRUNO;09/03/22;11/04/22;66966;;;;
673;HOMEM DE MELLO BARAO;17/01/21;14/08/21;8355;;;;
674;ESCOLA CLEMENTINO FRANCISCO DE LIMA;15/05/21;26/06/21;131311;;;;
675;EM MUNDO ENCANTADO;21/03/21;09/10/21;145229;;;;
676;CLOVIS GUIMARAES SPINOLA EM;30/12/21;03/04/22;44313;;;;
677;ESCOLA MUNICIPAL PROFESSORA CIRAN DE SOUZA DA PAZ;10/11/21;01/12/21;28606;;;;
678;EE - COLEGIO ESTADUAL JOAO UBALDO RIBEIRO;25/03/21;15/09/21;101124;;;;
679;CHAPEUZINHO VERMELHO PRE ESC MUN ED INF;30/05/21;05/04/22;33468;;;;
680;EE - ESCOLA ESTADUAL SEVERINO VIEIRA;09/02/21;29/01/22;19875;;;;
681;E M ANA NERY;30/06/21;09/08/21;12144;;;;
682;EMEF LUCIANO RIBEIRO DE MORAIS;15/04/21;14/05/21;57430;;;;
683;ESCOLA ESTADUAL MARIA OLINTA DE ALMEIDA;10/02/22;19/02/22;36282;;;;
684;CORNELIO ROSA E E F;08/05/21;15/03/22;96866;;;;
685;EC 52 DE TAGUATINGA;15/01/21;17/12/21;134512;;;;
686;ANGELA CURY ZAKIA PROFA.EMEF;06/03/22;16/04/22;134648;;;;
687;TEREZINHA DE JESUS SOARES QUINALHA PROF EMEFEI;28/09/21;10/11/21;41970;;;;
688;UMEF REV ANTONIO DA SILVA COSMO;20/07/21;07/08/21;108883;;;;
689;GRUPO ESCOLAR DOM EXPEDITO LOPES;01/07/21;12/10/21;130595;;;;
690;CENTRO INTEGRADO DE EDUCACAO DE LACERDOPOLIS;23/11/21;25/02/22;73751;;;;
691;CEJA DE SAO BENTO DO SUL;14/03/22;18/04/22;87106;;;;
692;EEM DEPUTADO MANOEL RODRIGUES;06/04/22;14/04/22;93564;;;;
693;ESCOLA MUNICIPAL COSME DE FARIAS;06/01/22;12/01/22;100605;;;;
694;EE TEODORICO RIBEIRO DE ASSIS;26/04/22;27/04/22;36362;;;;
695;ELEAZAR DE CARVALHO MAESTRO EMEF;07/02/21;20/12/21;47717;;;;
696;ESCOLA ESTADUAL PROF WALDIR GARCIA;22/03/21;17/12/21;97053;;;;
697;COLEGIO ESTADUAL ADELINO ANTONIO GOMIDE;22/04/22;26/04/22;13587;;;;
698;EMEF PROF JOAO TOLEDO;11/09/21;22/12/21;70092;;;;
699;ELIZA RACHEL MACEDO DE SOUZA, PROFA.;14/04/22;20/04/22;99854;;;;
700;CE PROFA MARIA HELENA DUARTE;16/11/21;05/04/22;132794;;;;
701;ESCOLA MUNICIPAL JOSE LOPES VIANA;05/12/21;05/03/22;30305;;;;
702;CAMPO MAGRO C E ENS FUND MED;02/02/21;22/04/22;58258;;;;
703;EMEF LUCAS FERREIRA DE ANDRADE;23/04/22;28/04/22;122423;;;;
704;ESCOLINHA JOSE RIBEIRO SOARES;24/10/21;17/01/22;55085;;;;
705;1019049 ESCOLA MUNICIPAL MERALINA DE CASTRO;27/06/21;28/06/21;106654;;;;
706;CE MANOEL RODRIGUES DE BARROS;16/03/21;29/03/21;518;;;;
707;OSNY FLEURY DA SILVEIRA PROF DR E.M;18/01/22;02/03/22;104203;;;;
708;ESCOLA MUNICIPAL PROF WALFREDO DE ANDRADE FOGACA;10/08/21;02/04/22;57252;;;;
709;JERONIMO ONUMA C E PE E MEDIO;28/02/21;29/04/21;41431;;;;
710;PEM DO TEJUCO;27/12/21;07/04/22;66607;;;;
711;CEI MUN CRIANCA FELIZ;07/02/22;23/02/22;5676;;;;
712;CENTRO EDUC PROF PAULO DE TARSO F MACHADO;29/01/22;13/04/22;37496;;;;
713;BENEDITO DA COSTA MANSO EM;31/03/21;23/04/21;26360;;;;
714;ANTONIO ALCEU ZIELONKA E M E I E FUND;29/04/21;03/07/21;133441;;;;
715;EMEF ITAMARATI;12/05/21;01/03/22;144802;;;;
716;JANUARIO DA CUNHA BARBOSA EEIEF CONEGO;22/04/22;27/04/22;123633;;;;
717;EE - COLEGIO ESTADUAL PROFESSORA DELZAIR DO NASCIMENTO GALVAO;21/12/21;04/04/22;124016;;;;
718;CRECHE SEU TETE;08/03/21;20/04/22;43625;;;;
719;PEDRO ALEXANDRINO;07/09/21;30/12/21;147446;;;;
720;ESC EST DE ENS FUNDAMENTAL PROFESSOR IVO CORSEUIL;10/02/22;13/03/22;127122;;;;
721;EM SR ODORICO MARTINHO DA SILVA;08/02/22;17/04/22;141021;;;;
722;PEM AGENOR SAPATEIRO;14/01/21;01/08/21;145760;;;;
723;ESCOLA MUNICIPAL PILARZINHO- EDUCACAO INFANTIL E ENSINO FUND;16/04/21;23/07/21;12043;;;;
724;ITELVINA SILVINA DE PINHO E M E B;09/12/21;03/04/22;5114;;;;
725;EM ZENI GIANINI ALVARENGA;10/09/21;26/01/22;29802;;;;
726;ODETE BORGES BOTELHO C E E FUND MEDIO;16/05/21;09/03/22;139783;;;;
727;EE - COLEGIO ESTADUAL MARCILIO DIAS;02/09/21;01/01/22;109577;;;;
728;ROMANA C KLUPPEL E M ED INF ENS FUND;04/01/22;26/02/22;77587;;;;
729;EEB PROF GIOVANI TRENTINI;26/12/21;08/01/22;68969;;;;
730;CIEP BRIZOLAO 113 PROFESSOR WALDICK PEREIRA;01/02/21;01/02/22;6574;;;;
731;EM HAROLDO MELO;05/11/21;26/02/22;606;;;;
732;E E E M LAMEIRA BITTENCOURT;22/10/21;20/03/22;33965;;;;
733;EMEIF SANTA TEREZA;16/12/21;26/04/22;12730;;;;
734;GOVERNADOR GONZAGA MOTA EEFM;29/12/21;26/01/22;20209;;;;
735;JOAO LIGABUE CONEGO;04/01/21;25/02/21;24678;;;;
736;JOAQUIM MARQUES DA SILVA SOBRINHO TTE;19/06/21;16/09/21;39386;;;;
737;COLEGIO CATHARINA  BORGES DE SENA;08/01/21;03/04/21;50182;;;;
738;ERC E F ALICE FANJAS;24/03/21;02/08/21;13080;;;;
739;ROQUE VERANI PROF EMEF;01/02/21;23/04/22;12893;;;;
740;ESC MUL RAIMUNDO NONATO DA SILVA;13/04/22;13/04/22;139936;;;;
741;BRANCA DE NEVE PRE ESC MUN ED INF;27/04/21;04/09/21;60785;;;;
742;JARDIM MORADA DO SOL;31/12/21;25/01/22;73087;;;;
743;LUIS GONZAGA CARVALHO MELO PROF;24/02/22;03/03/22;26379;;;;
744;EMEF SUZETE CUENDET;06/07/21;28/01/22;27057;;;;
745;CEI MUN PEDRO THEOBALDO;01/03/21;08/03/22;144602;;;;
746;0716061 ESCOLA MUNICIPAL MORVAN DE FIGUEIREDO;13/03/22;13/03/22;33002;;;;
747;ESCOLA MUNICIPAL BEATRIZ DE FARIAS;08/09/21;24/12/21;146001;;;;
748;ESCOLA MUNICIPAL SETE DE SETEMBRO;28/02/21;26/01/22;114983;;;;
749;CHACARA CAMPONESA JARDIM VASSOURAS;02/05/21;18/11/21;46567;;;;
750;ESC MUL 4 DE OUTUBRO ENS DE 1 GRAU;29/07/21;23/08/21;110453;;;;
751;ESCOLA MUNICIPAL MAGIA DO SABER;12/04/22;13/04/22;47417;;;;
752;MARIA SOCORRO GOUVEIA EEF;11/12/21;05/02/22;83028;;;;
753;ESC MUL PE RAIMUNDO NONATO PINHEIRO;08/11/21;29/01/22;105399;;;;
754;ESCOLA MUNICIPAL BARAO DE MACAUBAS;28/10/21;06/11/21;59422;;;;
755;EM LAERTE FRAGA;02/02/22;20/04/22;69849;;;;
756;E R C ISAAC NEWTON;28/03/22;24/04/22;38856;;;;
757;EMEF PROFESSOR VALDECIR SGARBI FILHO;04/02/22;17/03/22;102872;;;;
758;BENEDITO LUIZ BRAGA CIMEB;16/05/21;24/02/22;13129;;;;
759;ERNESTINO LOPES DA SILVA PROF;30/11/21;17/04/22;3409;;;;
760;ESCOLINHA TIA LEA;07/08/21;09/12/21;57073;;;;
761;ESCOLA PRESIDENTE CASTELO BRANCO;31/07/21;07/01/22;28127;;;;
762;ESCOLA MUNICIPAL VILA SOLIDARIEDADE;07/09/21;21/11/21;10503;;;;
763;ANTONIO IGLESIAS C E E FUND MED PROF;14/08/21;29/11/21;34617;;;;
764;MAURO FERREIRA DA SILVA PROF EM;10/02/21;08/10/21;11062;;;;
765;JOSE DE OLIVEIRA SANTOS E.M;16/04/21;25/07/21;18724;;;;
766;ESC MUL ENS FUND SELEC DOMINGUES DE FREITAS;08/04/21;12/05/21;114900;;;;
767;ESCOLA MUNICIPAL PAUL HARRIS;04/03/22;07/03/22;94010;;;;
768;EEEFM PROFESSOR JOSE LEAO NUNES;30/04/21;03/01/22;58962;;;;
769;EE PROFESSOR ANTONIO MARQUES;01/12/21;27/01/22;56802;;;;
770;ESCOLA MUL PROF FRANCY SILVA BARBOSA;17/09/21;14/03/22;29941;;;;
771;ESC MUN DE EDUCACAO BASICA SONHO ENCANTADO;08/05/21;08/07/21;144057;;;;
772;EMEB MUTIRAO;17/02/22;09/04/22;52435;;;;
773;EE - ESCOLA ROTARY ROSALVO FONSECA;16/08/21;21/12/21;86180;;;;
774;EE SAO MIGUEL;14/04/22;19/04/22;27536;;;;
775;GRUPO ESCOLAR DEPUTADO WILSON FALCAO;28/11/21;16/02/22;27296;;;;
776;JARDIM PEABIRU;14/03/21;01/12/21;148826;;;;
777;COL DR HERSCHELL CARVALHO;14/11/21;12/02/22;56464;;;;
778;NTE - JOA�ABA;24/02/22;26/02/22;58077;;;;
779;COLEGIO PROFESSOR DASIO JOSE DE SOUZA;11/01/22;16/01/22;143468;;;;
780;PEM PINGO GENTE;08/03/22;13/04/22;130684;;;;
781;ROMAO PAUL E M ED INF ENS FUND;05/06/21;15/11/21;8126;;;;
782;FRANCISCO BERALDO FILHO EMEF;08/03/22;07/04/22;80417;;;;
783;EE BOM JESUS;17/01/21;19/06/21;8032;;;;
784;ESC MUL DOMINGOS ALVES GAMA;03/01/21;09/08/21;5895;;;;
785;EM CLAUDIO DE OLIVEIRA;17/06/21;04/01/22;60073;;;;
786;EEEFM S PROF CAMILO SALGADO;20/03/21;12/02/22;100356;;;;
787;INSTITUTO DE EDUCACAO DO ESTADO DO PARA;30/05/21;10/12/21;81178;;;;
788;ESC EST ENS FUND DR THEODORO RIBAS SALLES;17/03/22;05/04/22;71578;;;;
789;E M E F MARECHAL CANDIDO RONDON;19/07/21;15/01/22;33471;;;;
790;EM VER JOSE VILHENA;04/03/22;04/04/22;72509;;;;
791;CE GUILHERME BUTZKE;22/05/21;20/02/22;43460;;;;
792;ESC MUL LUIZ CARLOS BIZINOTTO;29/04/21;15/06/21;39429;;;;
793;TEODOMIRO TOLEDO PIZA, DES.;03/07/21;03/04/22;56700;;;;
794;SHIRO KYONO DEPUTADO;29/01/21;25/01/22;18651;;;;
795;ESCOLA MUN PROFESSOR JOSE FLORENCIO NETO;13/03/22;14/03/22;93641;;;;
796;EMEF NEUSA NUNES GONCALVES;13/02/21;12/06/21;13187;;;;
797;EM PROF   JOAO ADOLFO JOSETTI;07/01/21;29/05/21;90127;;;;
798;RESIDENCIAL PACAEMBU EMEFEI DO;27/01/21;25/04/21;53601;;;;
799;ESC EST ENS FUN JASMELINO JARDIM;22/01/22;14/03/22;145159;;;;
800;CENTRO MUNICIPAL DE EDUCACAO INFANTIL RAIMUNDA MARTINS NUNES PORTELA;22/08/21;25/10/21;141193;;;;
801;EEFM SAO JOSE DOS ARPOADORES;07/04/21;29/01/22;47482;;;;
802;EMEI ESTRELA DA AMANHA;09/11/21;07/12/21;52817;;;;
803;AUGUSTA NOVAES CORONADO PROFA EMEF;28/06/21;08/12/21;32414;;;;
804;AIDA LEDA BAUER DAVIES PROFA;03/06/21;09/04/22;90821;;;;
805;GR ESC JOAQUIM LINS DE ALBUQUERQUE;04/08/21;17/02/22;39625;;;;
806;EM PROF LETICIA PECANHA DE AGUIAR;05/02/21;02/01/22;31722;;;;
807;EM ALCINO CARNEIRO - POLO;22/01/21;17/11/21;43730;;;;
808;GRUPO ESCOLAR ANA FRANCISCA MESSIAS;14/02/22;20/04/22;129341;;;;
809;NMDEE PROF IRENE FILIPPI TOME DE MOURA;18/12/21;28/12/21;111726;;;;
810;AMILCARE MATTEI PROF;24/06/21;17/08/21;144121;;;;
811;PEDRO DE MELLO;08/08/21;09/08/21;7629;;;;
812;EE PROF FRANCISCO BARBOSA ENS 1 E 2;07/01/22;07/02/22;85768;;;;
813;EM PROF JUSTINA BATALHA MACIEL RIBEIRO;25/04/22;27/04/22;142754;;;;
814;ESCOLA MUNICIPAL LIONS;30/03/22;25/04/22;123477;;;;
815;EE FERNAO DIAS;04/10/21;15/10/21;40087;;;;
816;POLO UAB - TANGARA DA SERRA;01/07/21;15/04/22;50422;;;;
817;EMEF IRAN COELHO DANTAS;13/01/22;04/03/22;101965;;;;
818;;26/03/22;22/04/22;39210;;;;
819;;14/09/21;07/02/22;64653;;;;
820;;08/02/22;22/04/22;32130;;;;
821;;19/05/21;25/05/21;25187;;;;
822;;20/10/21;23/10/21;32898;;;;
823;;20/01/21;19/01/22;101116;;;;
824;;14/06/21;22/07/21;136904;;;;
825;;28/03/22;31/03/22;33507;;;;
826;;20/07/21;17/02/22;70181;;;;
827;;29/06/21;06/07/21;91597;;;;
828;;11/03/22;13/03/22;126458;;;;
829;;09/01/21;06/04/21;45475;;;;
830;;20/05/21;02/09/21;4428;;;;
831;;01/04/21;30/04/21;32825;;;;
832;;06/04/22;22/04/22;98958;;;;
833;;23/06/21;08/08/21;142658;;;;
834;;16/02/21;22/07/21;127821;;;;
835;;13/12/21;19/04/22;138390;;;;
836;;11/06/21;30/10/21;27336;;;;
837;;30/04/21;02/01/22;46741;;;;
838;;24/10/21;22/04/22;11041;;;;
839;;17/03/21;27/08/21;56921;;;;
840;;16/12/21;06/03/22;42176;;;;
841;;19/07/21;15/08/21;148926;;;;
842;;16/02/21;13/03/21;664;;;;
843;;23/01/21;08/06/21;28633;;;;
844;;06/03/22;14/04/22;4528;;;;
845;;21/01/22;16/04/22;85499;;;;
846;;09/03/22;28/03/22;141846;;;;
847;;02/08/21;05/01/22;136479;;;;
848;;28/02/22;05/04/22;72171;;;;
849;;21/12/21;08/03/22;79775;;;;
850;;19/11/21;26/04/22;122177;;;;
851;;10/04/22;13/04/22;118498;;;;
852;;27/12/21;25/04/22;66263;;;;
853;;14/05/21;29/01/22;49339;;;;
854;;23/02/21;21/11/21;66393;;;;
855;;28/01/21;01/02/22;82561;;;;
856;;09/07/21;25/12/21;61031;;;;
857;;08/05/21;04/09/21;29833;;;;
858;;09/11/21;04/03/22;23924;;;;
859;;05/12/21;30/03/22;36519;;;;
860;;27/12/21;10/03/22;142015;;;;
861;;30/12/21;05/04/22;16514;;;;
862;;23/04/22;26/04/22;126977;;;;
863;;02/06/21;08/08/21;31367;;;;
864;;26/04/21;13/07/21;83036;;;;
865;;17/02/21;02/03/22;121823;;;;
866;;05/10/21;16/12/21;37810;;;;
867;;06/03/22;16/03/22;45534;;;;
868;;21/03/22;22/03/22;43502;;;;
869;;10/05/21;07/01/22;94069;;;;
870;;22/02/22;04/04/22;133365;;;;
871;;14/09/21;04/01/22;8606;;;;
872;;22/03/22;17/04/22;124187;;;;
873;;16/01/21;12/04/22;38087;;;;
874;;01/01/22;18/03/22;32969;;;;
875;;16/01/21;23/09/21;2666;;;;
876;;09/07/21;23/10/21;91230;;;;
877;;08/06/21;09/11/21;65480;;;;
878;;14/06/21;15/06/21;95638;;;;
879;;01/01/22;13/01/22;140409;;;;
880;;25/06/21;20/09/21;140171;;;;
881;;08/06/21;05/03/22;5854;;;;
882;;02/08/21;28/03/22;139248;;;;
883;;24/01/21;20/02/22;110496;;;;
884;;25/12/21;22/04/22;27974;;;;
885;;02/09/21;13/10/21;93218;;;;
886;;13/10/21;20/03/22;75317;;;;
887;;30/01/22;01/02/22;140155;;;;
888;;29/11/21;24/01/22;62192;;;;
889;;13/02/22;17/02/22;98713;;;;
890;;27/01/22;01/04/22;28193;;;;
891;;18/04/22;23/04/22;104698;;;;
892;;20/09/21;14/03/22;62582;;;;
893;;28/02/21;14/08/21;49406;;;;
894;;13/11/21;14/02/22;92623;;;;
895;;05/11/21;01/03/22;38310;;;;
896;;29/03/21;02/09/21;139462;;;;
897;;24/04/21;23/06/21;110375;;;;
898;;23/04/22;23/04/22;123899;;;;
899;;23/08/21;16/10/21;45172;;;;
900;;13/10/21;16/12/21;139901;;;;
901;;28/06/21;02/11/21;107630;;;;
902;;22/05/21;17/04/22;11755;;;;
903;;25/09/21;20/03/22;26250;;;;
904;;06/11/21;01/03/22;91667;;;;
905;;03/02/21;26/12/21;149095;;;;
906;;09/02/22;24/03/22;106418;;;;
907;;04/08/21;30/01/22;36793;;;;
908;;14/01/21;15/01/22;73826;;;;
909;;29/01/21;14/04/21;16315;;;;
910;;08/04/21;24/05/21;59075;;;;
911;;26/09/21;06/04/22;131658;;;;
912;;26/04/22;28/04/22;16121;;;;
913;;23/08/21;10/03/22;63428;;;;
914;;20/09/21;04/11/21;58024;;;;
915;;25/02/22;17/03/22;102021;;;;
916;;01/03/21;25/04/22;136810;;;;
917;;09/01/22;23/03/22;76976;;;;
918;;02/05/21;15/04/22;115706;;;;
919;;26/06/21;06/10/21;106721;;;;
920;;11/04/21;02/12/21;82442;;;;
921;;30/04/21;16/06/21;56598;;;;
922;;06/08/21;09/08/21;7815;;;;
923;;05/03/22;26/04/22;84844;;;;
924;;21/02/22;13/04/22;74639;;;;
925;;19/03/21;08/08/21;114230;;;;
926;;18/01/22;21/01/22;143586;;;;
927;;14/09/21;19/01/22;56170;;;;
928;;14/02/22;28/02/22;101793;;;;
929;;24/05/21;30/08/21;132873;;;;
930;;11/09/21;13/10/21;82464;;;;
931;;16/08/21;17/04/22;12133;;;;
932;;28/04/21;16/10/21;2902;;;;
933;;10/03/22;24/03/22;104524;;;;
934;;06/01/21;12/05/21;116455;;;;
935;;16/08/21;02/10/21;36704;;;;
936;;16/01/22;16/03/22;138558;;;;
937;;17/08/21;14/09/21;121472;;;;
938;;15/05/21;14/01/22;11828;;;;
939;;29/04/21;04/08/21;103410;;;;
940;;30/07/21;22/11/21;94908;;;;
941;;06/03/22;16/04/22;49470;;;;
942;;28/04/22;28/04/22;16610;;;;
943;;01/08/21;16/12/21;69396;;;;
944;;23/01/21;01/10/21;46879;;;;
945;;29/12/21;16/03/22;130173;;;;
946;;17/12/21;19/01/22;147409;;;;
947;;08/02/21;06/03/21;108888;;;;
948;;27/11/21;06/12/21;87597;;;;
949;;03/04/22;26/04/22;48317;;;;
950;;23/11/21;03/01/22;41194;;;;
951;;27/08/21;02/04/22;113211;;;;
952;;27/12/21;27/04/22;116177;;;;
953;;17/10/21;10/11/21;73228;;;;
954;;23/04/21;03/10/21;149862;;;;
955;;18/02/22;26/02/22;99090;;;;
956;;23/03/22;29/03/22;66818;;;;
957;;01/02/21;09/09/21;40506;;;;
958;;01/03/22;25/04/22;139935;;;;
959;;12/01/22;13/04/22;12335;;;;
960;;03/10/21;14/04/22;57719;;;;
961;;04/12/21;17/04/22;129155;;;;
962;;03/04/22;03/04/22;97631;;;;
963;;27/01/21;27/04/21;114387;;;;
964;;13/10/21;19/02/22;67277;;;;
965;;08/11/21;08/02/22;44961;;;;
966;;22/06/21;25/02/22;141078;;;;
967;;16/06/21;08/09/21;82714;;;;
968;;04/03/21;06/03/22;140713;;;;
969;;05/01/21;19/08/21;28404;;;;
970;;15/04/22;15/04/22;130730;;;;
971;;19/09/21;01/02/22;81453;;;;
972;;25/09/21;27/11/21;115240;;;;
973;;21/12/21;21/12/21;104206;;;;
974;;03/06/21;27/06/21;7155;;;;
975;;04/04/22;11/04/22;32926;;;;
976;EM ANTONIO CARLOS FAGUNDES;25/02/21;21/01/22;106160;;;;
977;ESCOLA DR AMERICO PACHECO PEREIRA;13/04/21;02/10/21;28895;;;;
978;NEUMA MARIA DA SILVA EM;18/01/21;22/02/22;118608;;;;
979;LUCIA SAMPAIO GALVAO PROFA EMEF;16/07/21;15/08/21;144726;;;;
980;ESCOLA MUNICIPAL PROFESSORA ANTONIETA CASTRO;04/09/21;19/12/21;101455;;;;
981;ESCOLA MUNICIPAL DE 1  GRAU JOAO DE SOUZA VERAS;28/02/21;11/08/21;25954;;;;
982;E M E F FUNDACAO MACONICA LEONARDO LOURENCO DE QUEIROZ;14/04/22;27/04/22;19580;;;;
983;EE DR CLEMENTE MARIANI;13/01/21;03/10/21;43204;;;;
984;AMERICO SALLES OLIVEIRA EMEF;26/02/22;17/03/22;98006;;;;
985;EE - ESCOLA ESTADUAL PROFESSORA IRENE CAMPOS DOS SANTOS;01/01/21;26/02/22;115042;;;;
986;VALDOMIRO SILVEIRA;06/11/21;02/02/22;91491;;;;
987;PROFESSORA MIZINHA EEF;08/11/21;10/03/22;90045;;;;
988;CENTRO EDUC PROF ANGELITA GESTEIRA;31/10/21;26/04/22;2041;;;;
989;EM PROF CARLOS ALBERTO MARQUES;17/07/21;28/12/21;43129;;;;
990;GRUPO ESC MUL MANOEL ALVES SOBRINHO;15/07/21;16/09/21;112699;;;;
991;INSTITUTO FEDERAL DE EDUCACAO CIENCIA E TECNOLOGIA DA PARAIBA - IFPB CAMPUS MONTEIRO;12/07/21;09/01/22;111819;;;;
992;;30/01/22;23/03/22;101114;;;;
993;;23/03/21;15/10/21;12817;;;;
994;;07/05/21;20/10/21;27436;;;;
995;;19/02/21;15/10/21;50035;;;;
996;;26/02/22;24/03/22;98309;;;;
997;;21/04/21;22/02/22;59181;;;;
998;;30/03/21;27/04/21;29064;;;;
999;;07/01/22;22/03/22;62324;;;;
1000;;16/10/21;19/02/22;141205;;;;
1001;;07/03/22;26/03/22;47152;;;;
1002;;02/06/21;13/03/22;117011;;;;
1003;;24/02/22;07/04/22;147064;;;;
1004;;17/12/21;20/01/22;98523;;;;
1005;;22/10/21;06/04/22;127123;;;;
1006;;06/01/21;06/01/22;27880;;;;
1007;;23/02/21;22/01/22;37026;;;;
1008;;06/04/22;15/04/22;69027;;;;
1009;;29/09/21;31/03/22;148988;;;;
1010;;07/06/21;29/06/21;108022;;;;
1011;;23/03/22;11/04/22;106292;;;;
1012;;19/01/22;23/02/22;48221;;;;
1013;;07/04/22;10/04/22;55376;;;;
1014;;28/12/21;12/02/22;137222;;;;
1015;;08/07/21;14/03/22;116636;;;;
1016;;20/04/22;20/04/22;45587;;;;
1017;;25/01/21;06/10/21;48678;;;;
1018;;19/01/21;07/04/21;13575;;;;
1019;;18/07/21;14/03/22;90032;;;;
1020;;28/09/21;20/04/22;62867;;;;
1021;;23/08/21;09/09/21;28611;;;;
1022;;02/04/21;23/05/21;141569;;;;
1023;;22/03/22;04/04/22;16448;;;;
1024;;04/02/22;21/03/22;104861;;;;
1025;;11/09/21;31/03/22;59939;;;;
1026;;20/09/21;09/02/22;12601;;;;
1027;;08/11/21;27/01/22;89653;;;;
1028;;30/06/21;07/02/22;5669;;;;
1029;;21/01/21;30/12/21;22133;;;;
1030;;06/09/21;08/12/21;39468;;;;
1031;ESCOLA ESTADUAL DE ENSINO MEDIO WILLY CARLOS FROHLICH;18/02/22;16/03/22;76973;;;;
1032;ESC MUNICIPAL DR JOAO DUARTE GUIMARAES;25/03/22;30/03/22;57613;;;;
1033;MARIO SALES SOUTO ENGENHEIRO;15/11/21;25/12/21;85371;;;;
1034;UE PROFESSORA LEDA TAJRA;07/04/22;07/04/22;18686;;;;
1035;ESCOLA MUNICIPAL IRMA TEREZINHA BATISTA - PROJ NOVO VIVER;26/10/21;21/01/22;124155;;;;
1036;ESC NUBIA MARIA CHAGAS FERNANDES;06/05/21;14/12/21;27783;;;;
1037;JARDIM APUCARANA E E E FUND;08/12/21;19/01/22;8676;;;;
1038;P�LO E-TEC CE Jos� Siqueira Rosa;17/01/21;03/10/21;113248;;;;
1039;ESC MUN DE ENS FUND SAO LUIZ GONZAGA;24/01/21;29/01/21;28490;;;;
1040;ALTAIR DA SILVA LEME C E PROF E F MED;09/12/21;31/01/22;120445;;;;
1041;EM FELICIA EMIKO KAWAMURA SAKITANI;25/01/21;10/06/21;25797;;;;
1042;ORACINA CORREA DE MORAES RODINE PROFA;02/09/21;20/11/21;5911;;;;
1043;EM JOSE GOMES DE MORAIS FILHO;12/08/21;20/12/21;122643;;;;
1044;LUIZ CHRISOSTOMO DE OLIVEIRA;01/07/21;12/03/22;46329;;;;
1045;INSTITUTO FEDERAL FARROUPILHA - CAMPUS PANAMBI;09/02/21;05/07/21;52873;;;;
1046;MESSIAS BARBOSA FERREIRA E M E FUND;08/02/22;14/02/22;85417;;;;
1047;E M PASTOR ASSIS CABRAL;16/10/21;08/04/22;28274;;;;
1048;EC 01 DO GUARA;09/06/21;29/10/21;108430;;;;
1049;LUCIANO TORRES DE MELO EEIF;13/06/21;21/08/21;61450;;;;
1050;CELSO DE BARROS PERCHES PREFEITO EMEF;14/12/21;07/03/22;118857;;;;
1051;CEFET DE LEOPOLDINA;03/06/21;22/12/21;40885;;;;
1052;ESC MADRE GABRIELA NARDI;31/01/22;04/03/22;4734;;;;
1053;JUSCELINO KUBISTSCHEK EMEF;19/03/22;24/04/22;53648;;;;
1054;CE JOSE DO PATROCINIO;09/06/21;06/03/22;120119;;;;
1055;ESCOLA MUNICIPAL FELIX CARDOSO DE ARAUJO;19/05/21;27/11/21;57088;;;;
1056;ESCOLA LEOPOLDO DOS REIS;17/03/22;07/04/22;129825;;;;
1057;Polo UAB de Salvador  IAT  - BA;21/03/21;22/03/21;48598;;;;
1058;JOAQUIM JOSUE DA COSTA EEM;04/01/22;21/03/22;96823;;;;
1059;ESC MUN ENS FUN FRANCISCO SIMOES PIRES;01/10/21;26/11/21;59474;;;;
1060;EMEF I II PAULO FREIRE;29/09/21;18/12/21;73569;;;;
1061;MIGUEL SCHLEDER E M ED INF ENS FUND;13/03/21;17/06/21;37342;;;;
1062;EEEFM ADEMAR VELOSO SILVEIRA;16/12/21;25/03/22;101357;;;;
1063;PE CARACOL;28/09/21;31/01/22;113644;;;;
1064;EM PEDRO SILVA;19/12/21;21/12/21;115283;;;;
1065;NTE - UMUARAMA;11/04/22;11/04/22;126123;;;;
1066;NELSON ANTONIO ROMAO PADRE;21/07/21;20/02/22;33906;;;;
1067;UNID ESC GENOVEVA CRONEMBERGER;10/08/21;17/10/21;16047;;;;
1068;BAIRRO PORTAL DA PEROLA;02/10/21;13/01/22;12253;;;;
1069;ESC EST DE ENSINO MEDIO PANDIA CALOGERAS;10/06/21;15/01/22;133704;;;;
1070;SHISUKO IOSHIDA NIWA PROFESSORA;04/03/22;09/04/22;125108;;;;
1071;EMEIF ANTONIO ALVES DA SILVA;09/10/21;28/12/21;94179;;;;
1072;ESCOLA MUNICIPAL DE ENSINO FUNDAMENTAL PROFESSORA MARIA MATO;28/02/21;27/03/22;52308;;;;
1073;0312008 ESCOLA MUNICIPAL DELFIM MOREIRA;16/07/21;25/12/21;60584;;;;
1074;MARIA HELENA CARDIA MORELLI PROFA EMEB;20/09/21;27/04/22;46521;;;;
1075;PEDRO GALRAO DO NASCIMENTO;02/08/21;04/10/21;62783;;;;
1076;BENEVENUTO MADUREIRA PROF;02/01/21;25/03/21;85115;;;;
1077;CE MINISTRO RAUL FERNANDES;30/08/21;26/02/22;145698;;;;
1078;PAULO STENCEL C E PROF E FUND MEDIO;29/06/21;07/07/21;75489;;;;
1079;JORGE AMADO ESCRITOR;05/04/21;08/01/22;122736;;;;
1080;UNIDADE ESCOLAR JOAQUIM ROSAL SOBRINHO;13/11/21;21/11/21;45118;;;;
1081;ESCOLA ESTADUAL DE ENSINO FUNDAMENTAL MARIA ALTINA ARAUJO;30/05/21;21/01/22;6265;;;;
1082;EBM FEDELINO MACHADO DOS SANTOS;31/01/21;03/04/21;142867;;;;
1083;ALFREDO MARCONDES CABRAL CEL;16/08/21;01/03/22;64889;;;;
1084;EEEFM EURICO SALLES;02/09/21;21/04/22;99906;;;;
1085;ESC MUL DE JOVENS E ADULTOS DO MATADOURO;31/08/21;10/02/22;54650;;;;
1086;EE BARAO DE CONGONHAS;15/08/21;06/04/22;142313;;;;
1087;CE PEDRO BATISTA DE SOUZA;14/01/21;16/06/21;113562;;;;
1088;ESCOLA ESTADUAL MARIA RODRIGUES TAPAJOS;14/04/21;10/03/22;69157;;;;
1089;ESC MUL SAO VICENTE;09/05/21;27/11/21;32298;;;;
1090;CENTRO ESTADUAL DE EDUC PROF. DE CURITIBA;02/04/22;28/04/22;99336;;;;
1091;THOMAZ RIBEIRO DE LIMA;11/01/21;27/11/21;59418;;;;
1092;NATALIA ALBUQUERQUE LOPES EEF;10/08/21;12/12/21;70157;;;;
1093;CE VILA BELA;08/07/21;20/04/22;125117;;;;
1094;ESCOLA MUNICIPAL ISAURO BORGES CABRAL;24/01/21;18/10/21;26721;;;;
1095;EM MARIANA CLARA GOUVEIA;27/07/21;05/11/21;45766;;;;
1096;EMEF MANOEL CORDEIRO;08/02/22;11/04/22;74058;;;;
1097;EEB SAO JOSE;07/09/21;15/11/21;32647;;;;
1098;EMEIEF PROF. JOSE DA CONCEICAO HOLTZ;20/04/21;20/06/21;45187;;;;
1099;CE SILVESTRE FERNANDES ROCHA;24/07/21;08/09/21;97717;;;;
1100;COLEGIO MUNICIPAL ANISIO TEIXEIRA;14/02/22;22/04/22;143290;;;;
1101;0209016 ESCOLA MUNICIPAL AFFONSO PENNA;08/06/21;24/06/21;96810;;;;
1102;ESCOLA ESTADUAL GOVERNADOR HENRIQUE SANTILLO;14/08/21;25/11/21;80252;;;;
1103;GLADIS MARIA TIBOLA E M PROFA E I E F;22/01/21;28/03/22;68788;;;;
1104;EE DEP EDGAR PEREIRA;13/02/22;14/03/22;103880;;;;
1105;EM OZIRES SANTOS MONTEIRO;08/02/21;26/02/21;80329;;;;
1106;NAES DE URUSSANGA;07/06/21;02/11/21;16311;;;;
1107;YOSHIO NINOMIYA;11/05/21;02/01/22;38595;;;;
1108;PEDRO RAPHAEL DA ROCHA;30/11/21;27/01/22;136134;;;;
1109;CESU PROFESSOR PAULO FREIRE;25/09/21;02/03/22;4886;;;;
1110;EEEIF NOSSA SENHORA DE NAZARE;19/01/22;07/04/22;35211;;;;
1111;EMEF FRANCISCO DA CUNHA RAMALDES;14/01/22;06/04/22;57395;;;;
1112;EE DEP AGENOR LUDGERO ALVES;21/02/21;09/07/21;65113;;;;
1113;ESCOLA MUNICIPAL NONO REIS;16/03/22;22/03/22;78231;;;;
1114;CANTINHO DO CEU CENTRO MUN ED INF;11/11/21;08/03/22;72411;;;;
1115;JOAO DE ALMEIDA E.M;19/05/21;30/05/21;140704;;;;
1116;CE LICEU MARANHENSE;15/09/21;18/10/21;128699;;;;
1117;ANTONIO DIEDERICHSEN;01/05/21;07/10/21;142117;;;;
1118;EGON SCHADEN PROF EMEF;14/04/21;04/03/22;79394;;;;
1119;INSTITUTO ESTADUAL ROMAGUERA CORREA;20/09/21;25/09/21;71928;;;;
1120;MARIO JOAQUIM ESCOBAR DE ANDRADE;17/05/21;07/01/22;139148;;;;
1121;ELISIO TEIXEIRA LEITE III;23/09/21;14/12/21;143796;;;;
1122;PRIETO MARTINEZ C E E FUND MEDIO;22/07/21;13/01/22;143306;;;;
1123;LAZARO DUARTE DO PATEO PROFESSOR;29/04/21;18/01/22;34685;;;;
1124;COLEGIO ESTADUAL PADRE PELAGIO;28/02/21;14/10/21;60282;;;;
1125;OCTAVIO GIOVANNETTI EMEF;10/03/22;19/04/22;30723;;;;
1126;ESCOLA MUNICIPAL FRANCISCO LEITE;02/02/22;14/03/22;97620;;;;
1127;EEB NEREU RAMOS;27/01/22;05/02/22;1993;;;;
1128;EEEF NOSSA SRA DO CARMO;11/03/22;30/03/22;98254;;;;
1129;ESC EST DE ENS FUND ESTADO DO ESPIRITO SANTO;16/11/21;24/11/21;61655;;;;
1130;EE SOUZA BANDEIRA;19/06/21;01/09/21;147267;;;;
1131;EM MARIA CECILIA DOS SANTOS;25/02/22;06/04/22;7666;;;;
1132;UE STA TEREZINHA;30/04/21;27/10/21;27495;;;;
1133;E M E I F ZEFERINA;12/06/21;09/07/21;35380;;;;
1134;ESCOLA SENADOR ADERBAL JUREMA;09/02/22;27/02/22;130803;;;;
1135;ANNA NOVAES DE CARVALHO DONA EMEIF;06/04/21;03/10/21;97342;;;;
1136;U E DEP FRANCISCO COELHO;23/02/22;14/04/22;22047;;;;
1137;E M E F SANTO ANDRE;13/07/21;10/03/22;48248;;;;
1138;EUCLYDES MOREIRA DA SILVA PROF EM;29/09/21;30/12/21;82019;;;;
1139;NATALINA GEIB DEVITO PROFA EMEF (BELINHA);20/10/21;16/04/22;111197;;;;
1140;MANOEL VIEIRA DE QUEIROZ FILHO;25/02/21;26/01/22;2616;;;;
1141;UI STO ANTONIO;08/02/22;31/03/22;32989;;;;
1142;MARIA BERENICE DOS SANTOS, PROFA.;13/08/21;22/08/21;42117;;;;
1143;UNID ESC JOSE FRANCISCO DE MIRANDA;03/02/22;25/04/22;139235;;;;
1144;EMEIEF JOANA LACERDA LEITE;09/10/21;19/10/21;111796;;;;
1145;ESCOLA MUNICIPAL DE ENSINO FUNDAMENTAL RUI PALMEIRA;11/04/21;21/02/22;111825;;;;
1146;INST EST EDUC DEPUTADO RUY RAMOS;06/06/21;19/02/22;29160;;;;
1147;FRUMA RUTHENBERG E M ED INF ENS FUND;13/04/21;04/02/22;86446;;;;
1148;EE M EMILIA DUARTE PEREIRA 1 GRAU;24/02/22;13/03/22;106181;;;;
1149;RAUL FERNANDES CHANCELER;25/05/21;10/12/21;107517;;;;
1150;COLEGIO TIRADENTES PMMG;13/02/22;30/03/22;139458;;;;
1151;EM ANTONIO DE SOUSA SANTOS;10/02/21;22/06/21;85638;;;;
1152;UI CHAGAS ARAUJO;05/08/21;08/11/21;50463;;;;
1153;JAYME CANET E M ED INF ENS FUND;18/03/22;20/03/22;86782;;;;
1154;ESC EST ENS MED CRESCER;10/05/21;01/08/21;98496;;;;
1155;EE OLIVIA PINTO DE CASTRO LEITE;31/08/21;05/02/22;74975;;;;
1156;EE - COLEGIO ESTADUAL LIBERDADE;16/03/21;29/03/22;6674;;;;
1157;E M JOSE LUIZ DA SILVA;16/11/21;08/12/21;32081;;;;
1158;EBM JOAO ANTONIO PINTO;16/05/21;04/01/22;140141;;;;
1159;JARDIM DIVA TARLA DE CARVALHO;30/01/21;17/12/21;98333;;;;
1160;UNID ESC JOAO DE ASSIS MARQUES;03/01/21;13/06/21;56012;;;;
1161;JOSE A DE ALMEIDA C E E F M PROF NOR;11/04/21;23/01/22;46232;;;;
1162;TSUYA OHNO KIMURA PROFESSORA;11/03/21;25/04/21;130226;;;;
1163;ESCOLA MUNICIPAL OSWALDO LIMA FILHO;16/09/21;22/10/21;128582;;;;
1164;NTM  Municipal  - OURO PRETO;04/05/21;17/02/22;15594;;;;
1165;CEL JTO A EE CULTURA E LIBERDADE;22/06/21;06/10/21;28045;;;;
1166;EE PE JOAO NEIVA;04/01/22;11/02/22;95916;;;;
1167;E M E I F PASTOR JOAO PEREIRA DE SOUZA;23/03/22;24/03/22;135707;;;;
1168;ALAYDE TORTORELLA FARIA MOTTA PROFA EMEF;15/07/21;08/03/22;75074;;;;
1169;DELY GUARNIERI PEREIRA DE OLIVEIRA PROFA EMEF;15/07/21;05/12/21;72072;;;;
1170;ESC EST ENS MEDIO EMILIO SANDER;20/01/22;24/04/22;131022;;;;
1171;LELIA CECILIA TORREZAN GALDINO LUCATO PROFA E.M;18/09/21;07/11/21;76756;;;;
1172;NTE - PINDAMONHANGABA;12/04/21;16/12/21;119293;;;;
1173;ESC MUL PROF  VANDA RIBEIRO MITIDIERE;20/05/21;03/03/22;104086;;;;
1174;PEM CHAPEUZINHO VERMELHO;04/10/21;01/03/22;93921;;;;
1175;EEB SEN RODRIGO LOBO;06/02/21;02/04/22;89860;;;;
1176;EM PROF IONE CATARINA GIANOTTI IGYDIO;08/01/21;14/02/22;41886;;;;
1177;JOSE LUIZ PINTO EMEF;03/02/22;08/02/22;67844;;;;
1178;PRE ESCOLAR PEQUENO PRINCIPE;10/04/21;28/01/22;129089;;;;
1179;ESC MUN DE ENS FUN JOSE BATISTA POMPEU;06/02/21;25/03/22;24114;;;;
1180;ROSA INES BORNIA MOREIRA PROFESSORA;06/06/21;17/10/21;55629;;;;
1181;0312502 CIEP PROCOPIO FERREIRA;13/10/21;22/11/21;89305;;;;
1182;ESC MUL DR EUVALDO TOMAZ DE SOUZA;19/04/21;09/06/21;127561;;;;
1183;ESCOLA MUNICIPAL UMUARAMA - ENSINO FUNDAMENTAL;09/01/21;23/06/21;61017;;;;
1184;EEEF PADRE IBIAPINA;14/03/21;05/03/22;44687;;;;
1185;ESCOLA MUNICIPAL SAO JOSE DA BOA ESPERANCA;06/07/21;20/10/21;130019;;;;
1186;ESCOLA MUNICIPAL NOVO TRIUNFO;05/07/21;20/03/22;30131;;;;
1187;ESC MUL DE 1  GRAU ELIAS DE SOUZA BARROS;04/03/21;22/02/22;4172;;;;
1188;EEEFM DOM ADAUTO;19/04/21;12/06/21;128703;;;;
1189;;03/02/21;09/12/21;109363;;;;
1190;;03/06/21;19/08/21;43200;;;;
1191;;25/09/21;16/04/22;16120;;;;
1192;;20/02/21;15/02/22;148604;;;;
1193;;31/08/21;20/11/21;5126;;;;
1194;;05/09/21;28/01/22;1238;;;;
1195;;22/06/21;14/04/22;50719;;;;
1196;;18/08/21;07/01/22;141431;;;;
1197;;22/01/22;01/04/22;92603;;;;
1198;;11/03/21;27/03/21;93827;;;;
1199;;28/09/21;02/10/21;108516;;;;
1200;;24/05/21;10/07/21;137542;;;;
1201;;07/07/21;14/12/21;47319;;;;
1202;;29/03/22;30/03/22;66133;;;;
1203;;25/04/21;31/08/21;133421;;;;
1204;;09/03/22;27/03/22;56980;;;;
1205;;28/01/21;23/05/21;50935;;;;
1206;;28/04/21;21/09/21;107582;;;;
1207;;15/03/21;03/11/21;114640;;;;
1208;;12/09/21;15/04/22;90438;;;;
1209;;07/11/21;16/11/21;43266;;;;
1210;Um sonho de Liberdade ;22/09/21;23/03/22;131349;;;;
1211;;29/09/21;21/01/22;90660;;;;
1212;;03/01/22;12/04/22;134237;;;;
1213;;14/08/21;16/09/21;16602;;;;
1214;;25/06/21;11/04/22;144811;;;;
1215;;12/08/21;01/11/21;133131;;;;
1216;;07/11/21;04/04/22;12104;;;;
1217;Um sonho de Liberdade ;03/06/21;11/09/21;71281;;;;
1218;;24/03/21;28/02/22;88852;;;;
1219;;09/05/21;07/06/21;59813;;;;
1220;Um sonho de Liberdade ;04/08/21;21/10/21;133942;;;;
1221;;28/02/21;17/08/21;33041;;;;
1222;;25/09/21;02/01/22;146853;;;;
1223;;13/06/21;20/11/21;124425;;;;
1224;;28/01/22;24/02/22;49116;;;;
1225;;27/01/22;16/04/22;108554;;;;
1226;;03/02/21;05/08/21;17034;;;;
1227;;19/04/22;20/04/22;82397;;;;
1228;;17/02/21;27/07/21;113750;;;;
1229;;18/02/22;18/04/22;30027;;;;
1230;;26/07/21;24/08/21;134550;;;;
1231;;16/05/21;10/11/21;25586;;;;
1232;;30/09/21;24/11/21;143364;;;;
1233;;21/05/21;14/09/21;128726;;;;
1234;;23/08/21;11/01/22;123497;;;;
1235;Um sonho de Liberdade ;15/06/21;28/08/21;84726;;;;
1236;;27/03/21;25/03/22;40322;;;;
1237;;09/05/21;23/01/22;113643;;;;
1238;;18/03/22;08/04/22;110958;;;;
1239;;15/07/21;14/11/21;43588;;;;
1240;;23/12/21;05/04/22;132145;;;;
1241;;25/11/21;21/04/22;80244;;;;
1242;;18/01/22;29/03/22;60240;;;;
1243;;08/10/21;11/01/22;71793;;;;
1244;;15/07/21;11/09/21;128342;;;;
1245;;28/03/21;05/05/21;40550;;;;
1246;;17/08/21;08/09/21;125785;;;;
1247;;01/05/21;20/06/21;137082;;;;
1248;;04/01/22;02/03/22;76373;;;;
1249;;30/11/21;10/04/22;71415;;;;
1250;;17/02/21;16/03/21;8397;;;;
1251;;01/02/21;12/10/21;128970;;;;
1252;;17/02/21;27/12/21;77236;;;;
1253;;14/10/21;05/01/22;58143;;;;
1254;;23/11/21;21/02/22;10418;;;;
1255;;15/12/21;10/02/22;113322;;;;
1256;;27/01/22;17/03/22;45504;;;;
1257;;18/09/21;17/04/22;141984;;;;
1258;;25/06/21;16/10/21;25077;;;;
1259;;18/10/21;27/03/22;67657;;;;
1260;;15/02/21;22/03/21;16669;;;;
1261;Um sonho de Liberdade ;10/06/21;02/10/21;130633;;;;
1262;;10/02/22;25/04/22;144628;;;;
1263;;25/02/22;03/03/22;134248;;;;
1264;;12/03/21;04/05/21;1963;;;;
1265;;31/05/21;23/11/21;35375;;;;
1266;;22/04/22;26/04/22;87437;;;;
1267;;15/01/21;22/12/21;123227;;;;
1268;;30/11/21;30/11/21;47462;;;;
1269;;16/01/21;01/07/21;62973;;;;
1270;;07/02/21;22/09/21;22751;;;;
1271;;03/05/21;07/09/21;39579;;;;
1272;0204002 ESCOLA MUNICIPAL MARIA LEOPOLDINA;16/11/21;25/11/21;118579;;;;
1273;INSTITUTO FEDERAL CATARINENSE CAMPUS AVANCADO BLUMENAU;07/02/21;18/10/21;68754;;;;
1274;YOLANDA JORGE PROFESSORA EMEF;10/09/21;17/04/22;40405;;;;
1275;VILA CONSTANCA EMEF;29/11/21;14/01/22;31559;;;;
1276;EE FRANCISCO CAMILO DE SOUZA ENS FUNDAMENTAL;23/04/21;11/12/21;69581;;;;
1277;CASTELO BRANCO C E E FUND MEDIO;27/04/21;14/03/22;92273;;;;
1278;PEM PEQUENO POLEGAR;08/01/21;02/10/21;21194;;;;
1279;PML SECRETARIA DA EDUCACAO;06/10/21;03/03/22;7774;;;;
1280;CENTRO MUNICIPAL DE EDUCACAO BASICA PROFESSORA LIVIA LORENE BUENO MAIA;25/02/22;10/04/22;68090;;;;
1281;ESCOLA BATISTA NOVA JERUSALEM;05/01/22;19/04/22;93669;;;;
1282;CEL JTO A EE DOM PEDRO I;13/03/21;20/06/21;19152;;;;
1283;ESCOLA MUNICIPAL DE ENSINO FUNDAMENTAL NAYDE EMERIM PEREIRA;08/09/21;28/11/21;31800;;;;
1284;PEDRO AUGUSTO GOMES CARDIM PROF EMEB;25/04/22;26/04/22;7013;;;;
1285;ESC MUL ANA DAS NEVES;09/03/22;05/04/22;1467;;;;
1286;ESCOLA MUNICIPAL SAO SEVERINO DOS RAMOS;26/10/21;31/10/21;110970;;;;
1287;ESC MUL MAJ ADOLFO PEREIRA MAIA;19/03/21;10/03/22;86580;;;;
1288;JI PITUCHINHA;28/02/22;07/03/22;20140;;;;
1289;;21/05/21;31/10/21;35476;;;;
1290;;27/08/21;03/11/21;106595;;;;
1291;;12/08/21;15/02/22;94346;;;;
1292;;03/04/21;03/11/21;30986;;;;
1293;;02/03/21;13/06/21;121244;;;;
1294;;15/08/21;24/11/21;8175;;;;
1295;;27/12/21;29/12/21;142484;;;;
1296;;20/09/21;24/10/21;82304;;;;
1297;;07/10/21;04/12/21;109190;;;;
1298;;12/04/21;29/04/21;27990;;;;
1299;;19/10/21;19/10/21;1844;;;;
1300;;29/06/21;22/07/21;30187;;;;
1301;;22/09/21;10/04/22;50937;;;;
1302;;18/02/21;31/07/21;56472;;;;
1303;;18/02/22;21/03/22;46585;;;;
1304;;09/01/22;17/02/22;67780;;;;
1305;;25/10/21;22/03/22;48220;;;;
1306;;26/08/21;26/08/21;74489;;;;
1307;;11/01/22;08/02/22;28046;;;;
1308;;14/03/21;04/04/21;78975;;;;
1309;;05/04/21;23/05/21;104353;;;;
1310;;14/08/21;18/04/22;2253;;;;
1311;;14/03/22;21/03/22;120732;;;;
1312;;11/11/21;30/11/21;92153;;;;
1313;;14/05/21;09/12/21;8783;;;;
1314;;05/07/21;21/01/22;124699;;;;
1315;;12/02/21;15/03/21;123806;;;;
1316;;18/04/21;29/04/21;85633;;;;
1317;;18/05/21;16/08/21;56129;;;;
1318;;10/08/21;22/03/22;122954;;;;
1319;;06/01/22;10/04/22;10502;;;;
1320;;19/12/21;26/12/21;86913;;;;
1321;;17/03/22;19/04/22;144485;;;;
1322;;08/04/21;20/11/21;13209;;;;
1323;;01/06/21;24/01/22;129103;;;;
1324;;24/12/21;22/04/22;142678;;;;
1325;;06/03/21;04/05/21;24686;;;;
1326;;10/01/21;14/01/21;94837;;;;
1327;Um sonho de Liberdade ;03/05/21;26/05/21;99477;;;;
1328;;24/07/21;23/01/22;135568;;;;
1329;;22/05/21;17/11/21;59487;;;;
1330;;11/07/21;26/11/21;138505;;;;
1331;;15/04/22;22/04/22;35517;;;;
1332;;21/07/21;30/09/21;63709;;;;
1333;;23/01/22;15/03/22;82127;;;;
1334;;28/02/22;20/04/22;144154;;;;
1335;;22/02/22;11/03/22;14570;;;;
1336;;07/01/21;09/06/21;8707;;;;
1337;;13/02/22;16/03/22;131032;;;;
1338;;21/02/21;18/04/22;111869;;;;
1339;;30/03/21;09/11/21;42046;;;;
1340;;05/01/21;04/02/21;144111;;;;
1341;;15/11/21;11/02/22;67792;;;;
1342;Um sonho de Liberdade ;20/03/21;18/09/21;11496;;;;
1343;;07/12/21;13/02/22;9968;;;;
1344;;18/10/21;09/12/21;68752;;;;
1345;;26/05/21;15/12/21;18127;;;;
1346;;18/01/21;19/05/21;80072;;;;
1347;;07/10/21;28/01/22;93761;;;;
1348;;16/11/21;20/04/22;52672;;;;
1349;;17/08/21;04/12/21;72643;;;;
1350;;19/07/21;03/01/22;74141;;;;
1351;Um sonho de Liberdade ;05/11/21;14/01/22;127014;;;;
1352;Um sonho de Liberdade ;26/06/21;11/02/22;110902;;;;
1353;;03/02/22;23/04/22;50096;;;;
1354;;06/06/21;24/03/22;27264;;;;
1355;;09/02/22;08/04/22;107302;;;;
1356;;29/05/21;04/07/21;1135;;;;
1357;;01/07/21;19/04/22;79619;;;;
1358;;16/01/22;07/04/22;101099;;;;
1359;;02/11/21;13/12/21;56478;;;;
1360;;13/02/21;05/01/22;42311;;;;
1361;;08/12/21;10/04/22;146831;;;;
1362;;15/01/21;20/11/21;42766;;;;
1363;;26/03/21;19/01/22;69498;;;;
1364;;29/05/21;11/02/22;118942;;;;
1365;;15/03/22;19/04/22;69376;;;;
1366;;29/09/21;24/12/21;51435;;;;
1367;;30/01/21;13/10/21;27812;;;;
1368;;02/08/21;29/08/21;140261;;;;
1369;;13/08/21;08/10/21;19276;;;;
1370;;09/01/21;14/10/21;142168;;;;
1371;;14/02/21;05/04/22;49533;;;;
1372;;11/01/22;14/04/22;103156;;;;
1373;;01/05/21;08/07/21;69752;;;;
1374;;04/02/21;21/01/22;128515;;;;
1375;Um sonho de Liberdade ;20/03/21;08/01/22;17026;;;;
1376;;18/04/21;12/10/21;43267;;;;
1377;;06/03/21;05/04/21;89238;;;;
1378;Um sonho de Liberdade ;17/04/21;17/11/21;17515;;;;
1379;;12/07/21;19/07/21;87735;;;;
1380;;08/08/21;10/11/21;60041;;;;
1381;;16/01/22;09/04/22;105461;;;;
1382;;21/01/21;23/04/22;34202;;;;
1383;;11/04/22;13/04/22;70203;;;;
1384;;12/01/21;07/05/21;53308;;;;
1385;;25/09/21;22/01/22;680;;;;
1386;;24/08/21;12/02/22;113419;;;;
1387;;14/05/21;23/03/22;2598;;;;
1388;;15/12/21;27/03/22;27387;;;;
1389;;19/01/22;02/04/22;41475;;;;
1390;;15/09/21;29/01/22;86220;;;;
1391;;07/03/21;14/07/21;35682;;;;
1392;;23/05/21;16/06/21;122843;;;;
1393;;20/04/22;23/04/22;76099;;;;
1394;;29/01/21;08/10/21;102735;;;;
1395;;01/09/21;27/04/22;44430;;;;
1396;;12/05/21;18/08/21;40496;;;;
1397;;05/11/21;18/11/21;12775;;;;
1398;;30/12/21;11/01/22;8739;;;;
1399;;29/03/21;15/04/21;8020;;;;
1400;;30/06/21;19/01/22;122831;;;;
1401;;27/06/21;28/03/22;32756;;;;
1402;;23/09/21;07/12/21;29208;;;;
1403;;27/06/21;06/09/21;12296;;;;
1404;;14/04/21;15/06/21;93847;;;;
1405;;28/10/21;13/03/22;89813;;;;
1406;;22/02/21;06/09/21;62238;;;;
1407;;15/12/21;22/04/22;112597;;;;
1408;;02/01/21;30/10/21;127634;;;;
1409;;16/01/21;25/05/21;23630;;;;
1410;;03/04/22;28/04/22;76322;;;;
1411;;29/08/21;11/03/22;128821;;;;
1412;;15/07/21;17/04/22;75006;;;;
1413;Um sonho de Liberdade ;06/01/22;17/03/22;83912;;;;
1414;;03/03/21;29/10/21;11955;;;;
1415;;15/07/21;13/11/21;53860;;;;
1416;Um sonho de Liberdade ;08/03/22;10/03/22;131382;;;;
1417;;21/05/21;02/01/22;87749;;;;
1418;;04/04/21;25/01/22;142731;;;;
1419;Um sonho de Liberdade ;17/02/21;15/07/21;75502;;;;
1420;;28/08/21;15/11/21;118364;;;;
1421;;24/03/21;12/11/21;106862;;;;
1422;;05/05/21;15/06/21;20825;;;;
1423;;16/06/21;12/07/21;7656;;;;
1424;;23/04/21;07/02/22;18382;;;;
1425;;09/04/21;11/06/21;26795;;;;
1426;;05/04/22;17/04/22;79630;;;;
1427;;30/03/22;22/04/22;37054;;;;
1428;;18/01/21;28/11/21;141431;;;;
1429;Um sonho de Liberdade ;05/05/21;21/11/21;69587;;;;
1430;;21/06/21;21/10/21;81765;;;;
1431;;26/07/21;23/03/22;32294;;;;
1432;;09/02/22;21/04/22;57451;;;;
1433;;15/05/21;18/11/21;9920;;;;
1434;;24/02/21;04/11/21;93647;;;;
1435;;21/06/21;22/06/21;19705;;;;
1436;;16/07/21;23/03/22;111313;;;;
1437;;23/01/21;08/02/21;47204;;;;
1438;Um sonho de Liberdade ;28/10/21;07/02/22;5734;;;;
1439;;29/01/21;12/10/21;31341;;;;
1440;Um sonho de Liberdade ;20/11/21;14/12/21;126386;;;;
1441;;07/07/21;10/08/21;129160;;;;
1442;;11/02/21;05/09/21;22107;;;;
1443;;25/03/22;21/04/22;37848;;;;
1444;;13/10/21;22/03/22;27552;;;;
1445;;31/07/21;27/11/21;103001;;;;
1446;;29/05/21;06/03/22;88633;;;;
1447;;03/03/21;29/06/21;31454;;;;
1448;;05/04/21;31/12/21;43749;;;;
1449;;26/08/21;30/11/21;66628;;;;
1450;;20/02/21;07/08/21;34851;;;;
1451;;02/05/21;23/12/21;78044;;;;
1452;;17/04/21;10/11/21;140051;;;;
1453;;20/04/22;27/04/22;45778;;;;
1454;;23/11/21;04/12/21;125993;;;;
1455;;04/12/21;23/04/22;21546;;;;
1456;;05/06/21;01/07/21;133370;;;;
1457;;17/08/21;01/10/21;127955;;;;
1458;;24/02/21;27/10/21;124001;;;;
1459;;18/02/22;18/03/22;104073;;;;
1460;;26/12/21;31/03/22;37957;;;;
1461;;17/09/21;07/12/21;73814;;;;
1462;;09/10/21;05/01/22;118086;;;;
1463;;03/02/21;17/01/22;59149;;;;
1464;;03/05/21;08/01/22;131801;;;;
1465;;30/04/21;14/12/21;42828;;;;
1466;Um sonho de Liberdade ;05/02/21;01/05/21;87972;;;;
1467;;17/04/21;09/07/21;91972;;;;
1468;;16/05/21;03/11/21;127376;;;;
1469;;20/05/21;26/10/21;109611;;;;
1470;;08/01/21;05/02/22;109170;;;;
1471;;29/01/22;11/03/22;59471;;;;
1472;;16/01/22;10/02/22;80987;;;;
1473;;04/09/21;29/12/21;126777;;;;
1474;;09/02/22;25/04/22;65069;;;;
1475;;18/04/21;02/01/22;10020;;;;
1476;;08/12/21;17/04/22;4447;;;;
1477;;24/04/21;13/07/21;53413;;;;
1478;;30/01/22;19/03/22;4455;;;;
1479;;08/03/21;19/05/21;94104;;;;
1480;;11/11/21;07/12/21;99906;;;;
1481;;15/03/21;27/11/21;27327;;;;
1482;;12/03/22;27/04/22;133864;;;;
1483;;02/10/21;30/10/21;101676;;;;
1484;;19/03/22;27/03/22;89828;;;;
1485;;19/03/21;25/07/21;8382;;;;
1486;;28/08/21;20/09/21;3289;;;;
1487;;12/07/21;21/11/21;7715;;;;
1488;;02/10/21;11/10/21;141817;;;;
1489;;12/11/21;21/02/22;70947;;;;
1490;;09/03/21;31/10/21;68739;;;;
1491;;16/03/21;19/03/21;61788;;;;
1492;;02/06/21;14/06/21;55602;;;;
1493;;07/11/21;29/12/21;76842;;;;
1494;;20/02/22;19/03/22;43941;;;;
1495;;09/04/22;09/04/22;35793;;;;
1496;;29/09/21;06/10/21;88227;;;;
1497;;11/04/22;19/04/22;25464;;;;
1498;Um sonho de Liberdade ;18/11/21;24/04/22;35917;;;;
1499;;25/03/22;27/03/22;447;;;;
1500;;15/04/21;10/10/21;145571;;;;